Fixtures,,,,,,,,NIF,Collide,,On
ID,NIF #,Textual Name,X,Y,Z,A,Scale,Collide,Radius,Animate,Ground,Flip,Cave,Unique ID,3D Angle,3D Axis X,3D Axis Y,3D Axis Z,Variation,Primary Tint,Secondary Tint,FarDraw,Interior,Keep Status,Mount,Too Steep
1,430,dw_gate01_ekrund (Instance 0),30475.41,30208.16,8916.49,334,100,3400,0,0,0,0,0,1582,0.453786,0.000000,0.000000,1.000000,,0,0,0,0,0,0,0
2,539,or_tree_pine01_var02 (Instance 7),32521.97,38816.88,8706.49,1,100,2048,0,0,0,0,0,1586,0.100948,0.006841,-0.990589,-0.136696,,0,0,0,0,0,0,0
3,540,or_tree_pine01_var03 (Instance 17),40393.15,27910.09,8473.14,55,100,2048,0,0,0,0,0,1588,0.961451,0.000000,0.000000,-1.000000,,0,0,0,0,0,0,0
4,539,or_tree_pine01_var02 (Instance 8),40940.63,27637.09,8513.36,136,100,2048,0,0,0,0,0,1589,2.366429,0.000000,0.000000,-1.000000,,0,0,0,0,0,0,0
5,541,or_tree_pine01_var04 (Instance 16),39917.52,28210.01,8448.00,242,100,2048,0,0,0,0,0,1590,2.059432,0.000000,0.000000,1.000000,,0,0,0,0,0,0,0
6,542,or_tree_pine01_var05 (Instance 11),36251.12,35643.32,9303.00,0,100,2048,0,0,0,0,0,1593,0.000000,1.000000,0.000000,0.000000,,0,0,0,0,0,0,0
7,543,or_tree_pine03_var00 (Instance 32),32564.28,38295.62,8725.07,0,100,2048,0,0,0,0,0,1596,0.000000,1.000000,0.000000,0.000000,,0,0,0,0,0,0,0
8,543,or_tree_pine03_var00 (Instance 34),40152.73,31745.38,8592.00,0,100,2048,0,0,0,0,0,1598,0.000000,1.000000,0.000000,0.000000,,0,0,0,0,0,0,0
9,541,or_tree_pine01_var04 (Instance 19),39978.70,32082.09,8592.00,125,100,2048,0,0,0,0,0,1604,2.175826,0.000000,0.000000,-1.000000,,0,0,0,0,0,0,0
10,541,or_tree_pine01_var04 (Instance 20),39200.51,33988.44,8415.45,189,100,2048,0,0,0,0,0,1605,2.976206,0.000000,0.000000,1.000000,,0,0,0,0,0,0,0
11,547,or_tree_pine04_var02 (Instance 36),39397.74,33875.03,8445.62,38,100,2048,0,0,0,0,0,1609,0.669986,0.000000,0.000000,-1.000000,,0,0,0,0,0,0,0
12,538,or_tree_pine01_var01 (Instance 12),40456.71,32152.53,8592.00,268,100,2048,0,0,0,0,0,1611,1.598457,0.000000,0.000000,1.000000,,0,0,0,0,0,0,0
13,543,or_tree_pine03_var00 (Instance 39),36676.14,35715.80,9303.57,0,100,2048,0,0,0,0,0,1622,0.000000,1.000000,0.000000,0.000000,,0,0,0,0,0,0,0
14,536,or_tree_pine01_stump02 (Instance 10),35638.76,32640.12,8676.26,119,100,2048,0,0,0,0,0,1626,2.081675,0.000000,0.000000,-1.000000,,0,0,0,0,0,0,0
15,502,or_bush01_var02 (Instance 150),32700.02,38951.79,8718.05,61,100,2048,0,0,0,0,0,1629,1.065957,0.000000,0.000000,-1.000000,,0,0,0,0,0,0,0
16,502,or_bush01_var02 (Instance 151),32540.91,39117.21,8696.00,305,100,2048,0,0,0,0,0,1630,0.967396,0.000000,0.000000,1.000000,,0,0,0,0,0,0,0
17,502,or_bush01_var02 (Instance 152),32654.93,39056.61,8700.06,165,100,2048,0,0,0,0,0,1631,2.886847,0.000000,0.000000,-1.000000,,0,0,0,0,0,0,0
18,502,or_bush01_var02 (Instance 159),32572.57,38619.55,8727.14,8,100,2048,0,0,0,0,0,1640,0.143240,0.000000,0.000000,-1.000000,,0,0,0,0,0,0,0
19,501,or_bush01_var01 (Instance 47),32452.79,38465.54,8697.20,104,100,2048,0,0,0,0,0,1641,1.816480,0.000000,0.000000,-1.000000,,0,0,0,0,0,0,0
20,500,or_bush01_var00 (Instance 46),32470.66,37505.14,8709.81,193,100,2048,0,0,0,0,0,1643,2.917913,0.000000,0.000000,1.000000,,0,0,0,0,0,0,0
21,500,or_bush01_var00 (Instance 48),32545.70,38193.34,8716.76,324,100,2048,0,0,0,0,0,1645,0.621281,0.000000,0.000000,1.000000,,0,0,0,0,0,0,0
22,500,or_bush01_var00 (Instance 49),38727.37,39803.51,8167.44,10,100,2048,0,0,0,0,0,1646,0.167976,0.000000,0.000000,-1.000000,,0,0,0,0,0,0,0
23,502,or_bush01_var02 (Instance 161),40531.59,38901.18,8098.70,151,100,2048,0,0,0,0,0,1648,2.627406,0.000000,0.000000,-1.000000,,0,0,0,0,0,0,0
24,502,or_bush01_var02 (Instance 162),40605.16,38975.78,8091.67,247,100,2048,0,0,0,0,0,1649,1.964706,0.000000,0.000000,1.000000,,0,0,0,0,0,0,0
25,502,or_bush01_var02 (Instance 166),39367.61,34017.23,8428.80,346,100,2048,0,0,0,0,0,1653,0.251772,0.000000,0.000000,1.000000,,0,0,0,0,0,0,0
26,502,or_bush01_var02 (Instance 167),36918.77,34176.20,8889.10,6,100,2048,0,0,0,0,0,1654,0.098178,0.000000,0.000000,-1.000000,,0,0,0,0,0,0,0
27,502,or_bush01_var02 (Instance 168),36980.47,34081.54,8879.20,101,100,2048,0,0,0,0,0,1655,1.765857,0.000000,0.000000,-1.000000,,0,0,0,0,0,0,0
28,501,or_bush01_var01 (Instance 49),36942.53,34159.55,8885.09,353,100,2048,0,0,0,0,0,1656,0.122722,0.000000,0.000000,1.000000,,0,0,0,0,0,0,0
29,501,or_bush01_var01 (Instance 50),36464.28,35434.07,9245.12,350,100,2048,0,0,0,0,0,1657,0.166058,0.000000,0.000000,1.000000,,0,0,0,0,0,0,0
30,501,or_bush01_var01 (Instance 51),36381.51,35369.86,9324.63,115,100,2048,0,0,0,0,0,1658,1.999797,0.000000,0.000000,-1.000000,,0,0,0,0,0,0,0
31,501,or_bush01_var01 (Instance 52),37276.00,34944.89,8668.84,62,100,2048,0,0,0,0,0,1659,1.082448,0.000000,0.000000,-1.000000,,0,0,0,0,0,0,0
32,500,or_bush01_var00 (Instance 50),37238.68,34843.41,8678.90,154,100,2048,0,0,0,0,0,1660,2.696054,0.000000,0.000000,-1.000000,,0,0,0,0,0,0,0
33,505,or_bush02_var02 (Instance 92),33680.64,33225.10,8456.94,255,100,2048,0,0,0,0,0,1678,1.839299,0.000000,0.000000,1.000000,,0,0,0,0,0,0,0
34,505,or_bush02_var02 (Instance 93),33591.89,33316.30,8438.93,261,100,2048,0,0,0,0,0,1679,1.725014,0.000000,0.000000,1.000000,,0,0,0,0,0,0,0
35,505,or_bush02_var02 (Instance 94),33722.66,33356.45,8426.66,356,100,2048,0,0,0,0,0,1680,0.065197,0.000000,0.000000,1.000000,,0,0,0,0,0,0,0
36,504,or_bush02_var01 (Instance 27),33702.56,33257.24,8455.67,152,100,2048,0,0,0,0,0,1681,2.654635,0.000000,0.000000,-1.000000,,0,0,0,0,0,0,0
37,503,or_bush02_var00 (Instance 43),33309.24,34734.13,8529.80,287,100,2048,0,0,0,0,0,1685,1.268257,0.000000,0.000000,1.000000,,0,0,0,0,0,0,0
38,505,or_bush02_var02 (Instance 95),33003.95,34585.95,8568.26,244,100,2048,0,0,0,0,0,1686,2.031436,0.000000,0.000000,1.000000,,0,0,0,0,0,0,0
39,474,ge_rock003 (Instance 7),32088.72,35068.41,8685.64,0,100,2048,0,0,0,0,0,1755,0.000000,1.000000,0.000000,0.000000,Name3,0,0,0,0,0,0,0
40,480,ge_rock009 (Instance 21),34599.45,32361.54,8727.32,0,100,2048,0,0,0,0,0,1756,0.000000,1.000000,0.000000,0.000000,Name3,0,0,0,0,0,0,0
41,475,ge_rock004 (Instance 17),34337.68,32469.93,8716.21,0,100,2048,0,0,0,0,0,1757,0.000000,1.000000,0.000000,0.000000,Name3,0,0,0,0,0,0,0
42,500,or_bush01_var00 (Instance 53),34997.23,34893.22,8654.96,216,100,2048,0,0,0,0,0,1758,2.507368,0.000000,0.000000,1.000000,,0,0,0,0,0,0,0
43,502,or_bush01_var02 (Instance 172),34942.52,34928.60,8647.81,13,100,2048,0,0,0,0,0,1759,0.219558,0.000000,0.000000,-1.000000,,0,0,0,0,0,0,0
44,502,or_bush01_var02 (Instance 173),35347.26,34475.93,8656.00,356,100,2048,0,0,0,0,0,1760,0.077851,0.000000,0.000000,1.000000,,0,0,0,0,0,0,0
45,502,or_bush01_var02 (Instance 174),35335.04,34587.72,8656.00,233,100,2048,0,0,0,0,0,1761,2.216095,0.000000,0.000000,1.000000,,0,0,0,0,0,0,0
46,502,or_bush01_var02 (Instance 175),34787.05,34404.47,8660.21,133,100,2048,0,0,0,0,0,1762,2.317532,0.000000,0.000000,-1.000000,,0,0,0,0,0,0,0
47,501,or_bush01_var01 (Instance 53),38388.30,37516.10,9882.20,10,100,2048,0,0,0,0,0,1763,0.171044,0.000000,0.000000,-1.000000,,0,0,0,0,0,0,0
48,501,or_bush01_var01 (Instance 54),38264.75,37558.59,9845.83,137,100,2048,0,0,0,0,0,1764,2.390974,0.000000,0.000000,-1.000000,,0,0,0,0,0,0,0
49,502,or_bush01_var02 (Instance 176),38260.80,37562.13,9787.66,344,100,2048,0,0,0,0,0,1765,0.282453,0.000000,0.000000,1.000000,,0,0,0,0,0,0,0
50,505,or_bush02_var02 (Instance 98),33161.96,34598.97,8540.75,282,100,2048,0,0,0,0,0,1783,1.356272,0.000000,0.000000,1.000000,,0,0,0,0,0,0,0
51,505,or_bush02_var02 (Instance 99),32902.35,34637.61,8581.80,244,100,2048,0,0,0,0,0,1784,2.017246,0.000000,0.000000,1.000000,,0,0,0,0,0,0,0
52,505,or_bush02_var02 (Instance 100),32760.55,34609.03,8605.78,203,100,2048,0,0,0,0,0,1785,2.744567,0.000000,0.000000,1.000000,,0,0,0,0,0,0,0
53,505,or_bush02_var02 (Instance 101),33028.74,34411.67,8556.41,95,100,2048,0,0,0,0,0,1786,1.651764,0.000000,0.000000,-1.000000,,0,0,0,0,0,0,0
54,478,ge_rock007 (Instance 19),32863.81,35093.36,8725.68,0,100,2048,0,0,0,0,0,1788,0.000000,1.000000,0.000000,0.000000,Name3,0,0,0,0,0,0,0
55,474,ge_rock003 (Instance 8),32668.77,34829.83,8677.19,0,100,2048,0,0,0,0,0,1789,0.000000,1.000000,0.000000,0.000000,Name3,0,0,0,0,0,0,0
56,472,ge_rock001 (Instance 6),32584.66,34963.30,8715.76,0,100,2048,0,0,0,0,0,1790,0.000000,1.000000,0.000000,0.000000,Name3,0,0,0,0,0,0,0
57,503,or_bush02_var00 (Instance 45),26117.90,26951.58,9128.00,223,100,2048,0,0,0,0,0,1805,2.395768,0.000000,0.000000,1.000000,,0,0,0,0,0,0,0
58,524,or_prop_chest01 (Instance 8),29891.46,33459.74,8715.46,36,100,2048,0,0,0,0,0,1827,0.808366,0.535089,0.188479,-0.823502,,0,0,0,0,0,0,0
59,521,or_prop_barrel01 (Instance 13),34112.84,34560.98,8499.21,184,100,2048,0,0,0,0,0,1828,3.071693,0.074929,-0.002627,0.997185,,0,0,0,0,0,0,0
60,522,or_prop_barrel02 (Instance 10),34154.74,34610.87,8509.68,0,100,2048,0,0,0,0,0,1829,0.149999,0.000000,-1.000000,0.000000,,0,0,0,0,0,0,0
61,523,or_prop_barrel03 (Instance 6),34211.57,34541.77,8540.45,45,100,2048,0,0,0,0,0,1830,1.926575,0.570577,0.585628,-0.575744,,0,0,0,0,0,0,0
62,519,or_pile_trash01 (Instance 3),33336.57,34396.13,8497.67,7,100,2048,0,0,0,0,0,1831,0.298204,0.394563,0.801800,-0.448817,,0,0,0,0,0,0,0
63,525,or_prop_chest02 (Instance 6),34176.83,34573.92,8520.04,216,100,2048,0,0,0,0,0,1832,2.519436,0.090987,0.025628,0.995522,,0,0,0,0,0,0,0
64,439,dw_prop_barrels02 (Instance 0),32145.77,29876.31,10099.46,0,100,2048,0,0,0,0,0,2006,0.000000,1.000000,0.000000,0.000000,,0,0,0,0,0,0,0
65,440,dw_prop_barrels03 (Instance 1),31906.79,29472.54,10102.46,0,100,2048,0,0,0,0,0,2007,0.000000,1.000000,0.000000,0.000000,,0,0,0,0,0,0,0
66,415,dw_cannon01_destroyed (Instance 6),29767.64,31058.52,10122.40,334,100,2048,0,0,0,0,0,4473,0.450000,0.000000,0.000000,1.000000,,0,0,0,0,0,0,0
67,415,dw_cannon01_destroyed (Instance 7),29491.67,31197.57,10122.43,331,100,2048,0,0,0,0,0,4474,0.500000,0.000000,0.000000,1.000000,,0,0,0,0,0,0,0
68,426,dw_crate_ammo07 (Instance 4),29692.52,31093.33,10119.43,0,100,2048,0,0,0,0,0,4476,0.000000,1.000000,0.000000,0.000000,,0,0,0,0,0,0,0
69,420,dw_crate_ammo01 (Instance 2),29627.81,31107.90,10136.43,0,100,2048,0,0,0,0,0,4477,0.000000,1.000000,0.000000,0.000000,,0,0,0,0,0,0,0
70,421,dw_crate_ammo02 (Instance 3),29403.10,31233.42,10132.43,0,100,2048,0,0,0,0,0,4478,0.000000,1.000000,0.000000,0.000000,,0,0,0,0,0,0,0
71,422,dw_crate_ammo03 (Instance 3),31535.59,30209.81,10118.37,0,100,2048,0,0,0,0,0,4479,0.000000,1.000000,0.000000,0.000000,,0,0,0,0,0,0,0
72,423,dw_crate_ammo04 (Instance 6),31782.58,30076.44,10119.43,0,100,2048,0,0,0,0,0,4480,0.000000,1.000000,0.000000,0.000000,,0,0,0,0,0,0,0
73,424,dw_crate_ammo05 (Instance 1),29778.09,31327.17,9253.44,0,100,2048,0,0,0,0,0,4481,0.000000,1.000000,0.000000,0.000000,,0,0,0,0,0,0,0
74,420,dw_crate_ammo01 (Instance 3),29792.00,31412.55,9343.21,300,100,2048,0,0,0,0,0,4482,1.050000,0.000000,0.000000,1.000000,,0,0,0,0,0,0,0
75,439,dw_prop_barrels02 (Instance 4),31630.88,30077.56,9309.14,0,100,2048,0,0,0,0,0,4484,0.000000,1.000000,0.000000,0.000000,,0,0,0,0,0,0,0
76,423,dw_crate_ammo04 (Instance 7),31174.95,29080.36,9328.14,117,100,2048,0,0,0,0,0,4486,2.050000,0.000000,0.000000,-1.000000,,0,0,0,0,0,0,0
77,440,dw_prop_barrels03 (Instance 3),29152.88,30057.69,9311.14,32,100,2048,0,0,0,0,0,4487,0.550000,0.000000,0.000000,-1.000000,,0,0,0,0,0,0,0
78,424,dw_crate_ammo05 (Instance 2),30087.29,31503.62,8833.23,340,100,2048,0,0,0,0,0,4502,0.350000,0.000000,0.000000,1.000000,,0,0,0,0,0,0,0
79,526,or_prop_crate01 (Instance 127),29852.49,33522.64,8709.16,128,87,2048,0,0,0,0,0,4506,2.234021,0.000000,0.000000,-1.000000,,0,0,0,0,0,0,0
80,519,or_pile_trash01 (Instance 14),34511.40,38792.66,7746.40,359,100,2048,0,0,0,0,0,4678,0.180225,0.553819,0.831596,0.041615,,0,0,0,0,0,0,0
81,517,or_dwarfpike_skel_01 (Instance 2),34731.60,38563.97,7744.60,246,100,2048,0,0,0,0,0,4820,2.014387,-0.148755,-0.095515,0.984250,,0,0,0,0,0,0,0
82,523,or_prop_barrel03 (Instance 46),36758.85,40237.25,7759.69,348,100,2048,0,0,0,0,0,5003,1.635774,0.796189,0.520380,-0.308687,,0,0,0,0,0,0,0
83,523,or_prop_barrel03 (Instance 47),36734.84,40091.54,7769.26,114,100,2048,0,0,0,0,0,5004,1.994011,0.484172,0.592859,-0.643503,,0,0,0,0,0,0,0
84,522,or_prop_barrel02 (Instance 31),36769.93,40156.79,7751.40,188,100,2048,0,0,0,0,0,5005,2.997546,0.024968,-0.001771,0.999687,,0,0,0,0,0,0,0
85,489,or_banner04 (Instance 10),36780.14,40032.99,7750.63,268,100,2048,0,0,0,0,0,5006,1.600000,0.000000,0.000000,1.000000,,0,0,0,0,0,0,0
86,526,or_prop_crate01 (Instance 191),36900.91,40232.14,7738.98,285,123,2048,0,0,0,0,0,5007,1.314086,0.000000,0.000000,1.000000,,0,0,0,0,0,0,0
87,526,or_prop_crate01 (Instance 192),36975.20,40236.42,7736.00,204,90,2048,0,0,0,0,0,5008,2.727885,0.000000,0.000000,1.000000,,0,0,0,0,0,0,0
88,526,or_prop_crate01 (Instance 193),36899.70,40232.59,7776.74,89,88,2048,0,0,0,0,0,5009,1.555887,0.000000,0.000000,-1.000000,,0,0,0,0,0,0,0
89,526,or_prop_crate01 (Instance 194),36910.79,40166.04,7744.00,42,119,2048,0,0,0,0,0,5010,0.731539,0.000000,0.000000,-1.000000,,0,0,0,0,0,0,0
90,526,or_prop_crate01 (Instance 195),36923.95,40167.65,7780.38,313,89,2048,0,0,0,0,0,5011,0.821088,0.000000,0.000000,1.000000,,0,0,0,0,0,0,0
91,526,or_prop_crate01 (Instance 196),36886.24,40309.23,7729.35,38,111,2048,0,0,0,0,0,5012,0.667493,0.000000,0.000000,-1.000000,,0,0,0,0,0,0,0
92,526,or_prop_crate01 (Instance 197),36890.45,40310.69,7763.31,330,104,2048,0,0,0,0,0,5013,0.526747,0.000000,0.000000,1.000000,,0,0,0,0,0,0,0
93,526,or_prop_crate01 (Instance 198),36875.05,40119.51,7748.22,312,101,2048,0,0,0,0,0,5014,0.844537,0.000000,0.000000,1.000000,,0,0,0,0,0,0,0
94,528,or_prop_logpile01 (Instance 15),34220.90,38240.03,7997.89,134,100,2048,0,0,0,0,0,5017,2.333185,0.000000,0.000000,-1.000000,,0,0,0,0,0,0,0
95,518,or_hut02_c (Instance 4),35094.34,40663.20,7736.00,197,100,2048,0,0,0,0,0,5372,2.850001,0.000000,0.000000,1.000000,,0,0,0,0,0,0,0
96,485,or_altar01 (Instance 3),34276.26,40427.50,7743.61,211,100,2048,0,0,0,0,0,5374,2.600000,0.000000,0.000000,1.000000,,0,0,0,0,0,0,0
97,488,or_banner03 (Instance 10),33439.71,39162.47,7863.31,274,100,2048,0,0,0,0,0,5375,1.500001,0.000000,0.000000,1.000000,,0,0,0,0,0,0,0
98,516,or_dwarfpike03 (Instance 3),35742.72,39840.66,7732.16,151,100,2048,0,0,0,0,0,5376,2.633185,0.000000,0.000000,-1.000000,,0,0,0,0,0,0,0
99,515,or_dwarfpike02 (Instance 4),35707.50,40215.63,7746.39,132,100,2048,0,0,0,0,0,5377,2.300000,0.000000,0.000000,-1.000000,,0,0,0,0,0,0,0
100,506,or_cage01 (Instance 3),35526.57,40343.09,7730.00,0,100,2048,0,0,0,0,0,5378,0.000000,1.000000,0.000000,0.000000,,0,0,0,0,0,0,0
101,506,or_cage01 (Instance 4),35713.47,40493.58,7726.88,42,100,2048,0,0,0,0,0,5379,0.731923,0.000000,0.000000,-1.000000,,0,0,0,0,0,0,0
102,506,or_cage01 (Instance 6),34895.62,40230.09,7721.00,139,100,2048,0,0,0,0,0,5381,2.432392,0.000000,0.000000,-1.000000,,0,0,0,0,0,0,0
103,520,or_pile_trash02 (Instance 10),34408.70,39242.48,7753.60,335,100,2048,0,0,0,0,0,5382,0.433186,0.000000,0.000000,1.000000,,0,0,0,0,0,0,0
104,519,or_pile_trash01 (Instance 16),34494.82,39012.03,7748.97,224,100,2048,0,0,0,0,0,5383,2.366815,0.000000,0.000000,1.000000,,0,0,0,0,0,0,0
105,519,or_pile_trash01 (Instance 17),34790.24,39170.32,7728.25,338,100,2048,0,0,0,0,0,5384,0.382740,0.000000,0.000000,1.000000,,0,0,0,0,0,0,0
106,520,or_pile_trash02 (Instance 11),34202.44,38894.14,7759.55,188,100,2048,0,0,0,0,0,5385,3.000001,0.000000,0.000000,1.000000,,0,0,0,0,0,0,0
107,533,or_torch01 (Instance 61),34151.21,40049.04,7731.00,313,100,2048,0,0,0,0,0,5386,0.815911,0.000000,0.000000,1.000000,,0,0,0,0,0,0,0
108,534,or_torch02 (Instance 66),34638.48,40520.73,7737.09,188,100,2048,0,0,0,0,0,5387,2.994998,0.000000,0.000000,1.000000,,0,0,0,0,0,0,0
109,506,or_cage01 (Instance 8),37003.19,40368.07,7720.59,134,100,2048,0,0,0,0,0,5449,2.336899,0.000000,0.000000,-1.000000,,0,0,0,0,0,0,0
110,490,or_banner05 (Instance 9),35706.56,39602.36,7734.29,168,100,2048,0,0,0,0,0,5466,2.933186,0.000000,0.000000,-1.000000,,0,0,0,0,0,0,0
111,488,or_banner03 (Instance 12),35541.30,40604.28,7742.20,182,100,2048,0,0,0,0,0,5468,3.100000,0.000000,0.000000,1.000000,,0,0,0,0,0,0,0
112,532,or_stock01_tower (Instance 7),33034.35,36602.38,8692.27,180,100,2048,0,0,0,0,0,5475,3.133185,0.000000,0.000000,-1.000000,,0,0,0,0,0,0,0
113,521,or_prop_barrel01 (Instance 92),33117.15,36534.29,8939.21,237,100,2048,0,0,0,0,0,5481,2.142270,0.000000,0.000000,1.000000,,0,0,0,0,0,0,0
114,521,or_prop_barrel01 (Instance 93),33107.32,36567.30,8937.88,244,100,2048,0,0,0,0,0,5482,2.018780,0.000000,0.000000,1.000000,,0,0,0,0,0,0,0
115,526,or_prop_crate01 (Instance 199),32966.10,36699.73,9084.96,71,91,2048,0,0,0,0,0,5483,1.243712,0.000000,0.000000,-1.000000,,0,0,0,0,0,0,0
116,526,or_prop_crate01 (Instance 200),32968.46,36699.46,9112.78,94,110,2048,0,0,0,0,0,5484,1.645052,0.000000,0.000000,-1.000000,,0,0,0,0,0,0,0
117,493,or_barrier02 (Instance 31),35535.27,38186.44,7862.51,237,100,2048,0,0,0,0,0,5579,2.150000,0.000000,0.000000,1.000000,,0,0,0,0,0,0,0
118,493,or_barrier02 (Instance 32),35599.34,38333.84,7826.46,231,100,2048,0,0,0,0,0,5580,2.250000,0.000000,0.000000,1.000000,,0,0,0,0,0,0,0
119,493,or_barrier02 (Instance 33),35786.77,38520.56,7804.14,211,100,2048,0,0,0,0,0,5581,2.600000,0.000000,0.000000,1.000000,,0,0,0,0,0,0,0
120,492,or_barrier01 (Instance 55),35420.57,38100.43,7862.46,257,100,2048,0,0,0,0,0,5582,1.800000,0.000000,0.000000,1.000000,,0,0,0,0,0,0,0
121,493,or_barrier02 (Instance 34),35858.20,38631.35,7779.52,217,100,2048,0,0,0,0,0,5583,2.500000,0.000000,0.000000,1.000000,,0,0,0,0,0,0,0
122,478,ge_rock007 (Instance 53),33321.80,39972.52,7739.44,0,100,2048,0,0,0,0,0,5590,0.000000,1.000000,0.000000,0.000000,Name3,0,0,0,0,0,0,0
123,480,ge_rock009 (Instance 69),33312.36,40071.50,7704.17,0,100,2048,0,0,0,0,0,5591,0.000000,1.000000,0.000000,0.000000,Name3,0,0,0,0,0,0,0
124,474,ge_rock003 (Instance 40),33454.68,40140.10,7709.26,0,100,2048,0,0,0,0,0,5592,0.000000,1.000000,0.000000,0.000000,Name3,0,0,0,0,0,0,0
125,472,ge_rock001 (Instance 41),30754.74,40186.29,7670.46,0,100,2048,0,0,0,0,0,5595,0.000000,1.000000,0.000000,0.000000,Name3,0,0,0,0,0,0,0
126,478,ge_rock007 (Instance 55),31575.49,40864.45,7790.88,0,100,2048,0,0,0,0,0,5597,0.000000,1.000000,0.000000,0.000000,Name3,0,0,0,0,0,0,0
127,493,or_barrier02 (Instance 25),31033.64,33065.18,8740.04,326,100,2048,0,0,0,0,0,5601,0.600000,0.000000,0.000000,1.000000,,0,0,0,0,0,0,0
128,493,or_barrier02 (Instance 26),32321.75,31810.52,8770.31,334,100,2048,0,0,0,0,0,5602,0.450000,0.000000,0.000000,1.000000,,0,0,0,0,0,0,0
129,493,or_barrier02 (Instance 27),32106.09,31873.29,8779.63,334,100,2048,0,0,0,0,0,5603,0.450000,0.000000,0.000000,1.000000,,0,0,0,0,0,0,0
130,493,or_barrier02 (Instance 28),31929.05,31978.75,8784.00,334,100,2048,0,0,0,0,0,5604,0.450000,0.000000,0.000000,1.000000,,0,0,0,0,0,0,0
131,493,or_barrier02 (Instance 29),32457.38,32101.89,8707.14,334,100,2048,0,0,0,0,0,5605,0.450000,0.000000,0.000000,1.000000,,0,0,0,0,0,0,0
132,493,or_barrier02 (Instance 30),32205.00,32209.55,8725.23,334,100,2048,0,0,0,0,0,5606,0.450000,0.000000,0.000000,1.000000,,0,0,0,0,0,0,0
133,493,or_barrier02 (Instance 32),30802.04,33188.50,8753.92,326,100,2048,0,0,0,0,0,5608,0.600000,0.000000,0.000000,1.000000,,0,0,0,0,0,0,0
134,493,or_barrier02 (Instance 33),30611.10,33344.95,8775.12,326,100,2048,0,0,0,0,0,5609,0.600000,0.000000,0.000000,1.000000,,0,0,0,0,0,0,0
135,493,or_barrier02 (Instance 34),31076.73,33297.27,8716.92,326,100,2048,0,0,0,0,0,5610,0.600000,0.000000,0.000000,1.000000,,0,0,0,0,0,0,0
136,493,or_barrier02 (Instance 35),31305.59,33245.86,8689.86,326,100,2048,0,0,0,0,0,5611,0.600000,0.000000,0.000000,1.000000,,0,0,0,0,0,0,0
137,491,or_banner06 (Instance 16),31252.56,33107.41,8666.34,323,100,2048,0,0,0,0,0,5612,0.650000,0.000000,0.000000,1.000000,,0,0,0,0,0,0,0
138,486,or_banner01 (Instance 7),32978.27,31780.58,8735.16,9,100,2048,0,0,0,0,0,5615,0.149999,0.000000,0.000000,-1.000000,,0,0,0,0,0,0,0
139,471,ge_Lumber_pile04 (Instance 6),32948.45,31524.96,8755.52,0,100,2048,0,0,0,0,0,5744,0.000000,1.000000,0.000000,0.000000,,0,0,0,0,0,0,0
140,477,ge_rock006 (Instance 53),29603.96,32863.86,8855.52,0,100,2048,0,0,0,0,0,5746,0.000000,1.000000,0.000000,0.000000,Name3,0,0,0,0,0,0,0
141,473,ge_rock002 (Instance 51),29638.24,33018.84,8839.22,0,100,2048,0,0,0,0,0,5747,0.000000,1.000000,0.000000,0.000000,Name3,0,0,0,0,0,0,0
142,492,or_barrier01 (Instance 54),34985.51,32832.31,8762.77,337,100,2048,0,0,0,0,0,5751,0.400000,0.000000,0.000000,1.000000,,0,0,0,0,0,0,0
143,493,or_barrier02 (Instance 36),34926.54,32904.10,8758.99,346,100,2048,0,0,0,0,0,5752,0.250000,0.000000,0.000000,1.000000,,0,0,0,0,0,0,0
144,493,or_barrier02 (Instance 37),34765.05,32980.40,8753.63,314,100,2048,0,0,0,0,0,5753,0.800000,0.000000,0.000000,1.000000,,0,0,0,0,0,0,0
145,493,or_barrier02 (Instance 38),34635.03,33147.32,8752.00,300,100,2048,0,0,0,0,0,5754,1.050000,0.000000,0.000000,1.000000,,0,0,0,0,0,0,0
146,493,or_barrier02 (Instance 39),34585.86,33351.23,8743.10,277,100,2048,0,0,0,0,0,5755,1.450000,0.000000,0.000000,1.000000,,0,0,0,0,0,0,0
147,492,or_barrier01 (Instance 55),34583.76,33570.98,8749.03,277,100,2048,0,0,0,0,0,5756,1.450000,0.000000,0.000000,1.000000,,0,0,0,0,0,0,0
148,492,or_barrier01 (Instance 56),34577.94,33674.05,8752.00,260,100,2048,0,0,0,0,0,5757,1.750000,0.000000,0.000000,1.000000,,0,0,0,0,0,0,0
149,490,or_banner05 (Instance 10),35440.62,33138.05,8768.00,115,100,2048,0,0,0,0,0,5760,2.000000,0.000000,0.000000,-1.000000,,0,0,0,0,0,0,0
150,504,or_bush02_var01 (Instance 76),35378.43,32980.61,8754.58,151,93,2048,0,0,1,0,0,5761,2.644088,0.000000,0.000000,-1.000000,,0,0,0,0,0,0,0
151,505,or_bush02_var02 (Instance 293),35287.16,32899.91,8744.21,216,90,2048,0,0,0,0,0,5762,2.513274,0.000000,0.000000,1.000000,Name1,0,0,0,0,0,0,0
152,505,or_bush02_var02 (Instance 294),35405.60,34015.57,8658.35,307,119,2048,0,0,1,0,0,5763,0.917349,0.000000,0.000000,1.000000,,0,0,0,0,0,0,0
153,505,or_bush02_var02 (Instance 295),35435.52,33792.84,8721.92,167,96,2048,0,0,1,0,0,5764,2.918104,0.000000,0.000000,-1.000000,,0,0,0,0,0,0,0
154,505,or_bush02_var02 (Instance 296),35287.34,33928.16,8753.27,274,98,2048,0,0,1,0,0,5765,1.509675,0.000000,0.000000,1.000000,,0,0,0,0,0,0,0
155,505,or_bush02_var02 (Instance 297),35299.30,34144.29,8656.00,219,86,2048,0,0,1,0,0,5766,2.466525,0.000000,0.000000,1.000000,,0,0,0,0,0,0,0
156,506,or_cage01 (Instance 12),35329.99,33280.41,8769.00,326,100,2048,0,0,0,0,0,5767,0.946223,-0.751946,-0.077783,0.654619,,0,0,0,0,0,0,0
157,526,or_prop_crate01 (Instance 217),35420.42,33366.98,8768.00,193,98,2048,0,0,0,0,0,5768,2.921940,0.000000,0.000000,1.000000,,0,0,0,0,0,0,0
158,526,or_prop_crate01 (Instance 218),35355.92,33381.03,8768.00,159,118,2048,0,0,0,0,0,5769,2.767386,0.000000,0.000000,-1.000000,,0,0,0,0,0,0,0
159,526,or_prop_crate01 (Instance 219),35281.97,33469.38,8768.00,3,115,2048,0,0,0,0,0,5770,0.049474,0.000000,0.000000,-1.000000,,0,0,0,0,0,0,0
160,526,or_prop_crate01 (Instance 220),35276.73,33476.59,8803.58,208,107,2048,0,0,0,0,0,5771,2.659045,0.000000,0.000000,1.000000,,0,0,0,0,0,0,0
161,526,or_prop_crate01 (Instance 221),35374.36,33477.58,8773.79,53,109,2048,0,0,0,0,0,5772,0.931538,0.000000,0.000000,-1.000000,,0,0,0,0,0,0,0
162,526,or_prop_crate01 (Instance 222),35315.16,33552.12,8769.61,356,103,2048,0,0,0,0,0,5773,0.073632,0.000000,0.000000,1.000000,,0,0,0,0,0,0,0
163,449,dw_RoadWall_BOI (Instance 0),31528.65,31457.46,8840.00,62,100,2048,0,0,0,0,0,5776,1.083187,0.000000,0.000000,-1.000000,,0,0,0,0,0,0,0
164,450,dw_RoadWall_BSI (Instance 0),31379.52,31176.26,8830.97,62,100,2048,0,0,0,0,0,5777,1.083187,0.000000,0.000000,-1.000000,,0,0,0,0,0,0,0
165,452,dw_RoadWall_EndO (Instance 0),31454.07,31316.85,8840.00,62,100,2048,0,0,0,0,0,5778,1.083186,0.000000,0.000000,-1.000000,,0,0,0,0,0,0,0
166,454,dw_Roadwall_Pillar (Instance 0),31417.62,31245.70,8842.85,62,100,2048,0,0,0,0,0,5779,1.083187,0.000000,0.000000,-1.000000,,0,0,0,0,0,0,0
167,454,dw_Roadwall_Pillar (Instance 1),31492.17,31386.28,8842.85,62,100,2048,0,0,0,0,0,5780,1.083187,0.000000,0.000000,-1.000000,,0,0,0,0,0,0,0
168,454,dw_Roadwall_Pillar (Instance 2),31343.03,31105.06,8842.85,62,100,2048,0,0,0,0,0,5781,1.083188,0.000000,0.000000,-1.000000,,0,0,0,0,0,0,0
169,454,dw_Roadwall_Pillar (Instance 3),31566.73,31526.88,8842.85,62,100,2048,0,0,0,0,0,5782,1.083188,0.000000,0.000000,-1.000000,,0,0,0,0,0,0,0
170,454,dw_Roadwall_Pillar (Instance 4),30653.05,31455.11,8840.85,69,100,2048,0,0,0,0,0,5783,1.199966,0.000000,0.000000,-1.000000,,0,0,0,0,0,0,0
171,454,dw_Roadwall_Pillar (Instance 5),30710.24,31602.56,8840.85,69,100,2048,0,0,0,0,0,5784,1.199989,0.000000,0.000000,-1.000000,,0,0,0,0,0,0,0
172,454,dw_Roadwall_Pillar (Instance 6),30767.90,31750.89,8840.85,69,100,2048,0,0,0,0,0,5785,1.199989,0.000000,0.000000,-1.000000,,0,0,0,0,0,0,0
173,454,dw_Roadwall_Pillar (Instance 7),30828.16,31903.27,8840.85,69,100,2048,0,0,0,0,0,5786,1.199989,0.000000,0.000000,-1.000000,,0,0,0,0,0,0,0
174,453,dw_RoadWall_Main (Instance 0),30738.15,31677.48,8838.00,69,100,2048,0,0,0,0,0,5787,1.200000,0.000000,0.000000,-1.000000,,0,0,0,0,0,0,0
175,451,dw_RoadWall_EndI (Instance 0),30680.97,31530.03,8839.00,69,100,2048,0,0,0,0,0,5788,1.199977,0.000000,0.000000,-1.000000,,0,0,0,0,0,0,0
176,450,dw_RoadWall_BSI (Instance 1),30796.96,31827.24,8828.97,69,100,2048,0,0,0,0,0,5789,1.199989,0.000000,0.000000,-1.000000,,0,0,0,0,0,0,0
177,478,ge_rock007 (Instance 58),31483.72,26961.67,8840.44,0,100,2048,0,0,0,0,0,5806,0.000000,1.000000,0.000000,0.000000,Name3,0,0,0,0,0,0,0
178,440,dw_prop_barrels03 (Instance 8),29187.99,27135.70,8821.00,0,100,2048,0,0,0,0,0,5828,0.000000,1.000000,0.000000,0.000000,,0,0,0,0,0,0,0
179,438,dw_prop_barrels01 (Instance 9),29251.59,27171.84,8821.00,0,100,2048,0,0,0,0,0,5829,0.000000,1.000000,0.000000,0.000000,,0,0,0,0,0,0,0
180,424,dw_crate_ammo05 (Instance 3),29285.59,27113.66,8839.03,0,100,2048,0,0,0,0,0,5833,0.000000,1.000000,0.000000,0.000000,,0,0,0,0,0,0,0
181,423,dw_crate_ammo04 (Instance 7),28702.29,27493.80,8846.69,0,100,2048,0,0,0,0,0,5835,0.000000,1.000000,0.000000,0.000000,,0,0,0,0,0,0,0
182,445,dw_prop_wagon01 (Instance 4),29211.02,27060.31,8841.00,354,100,2048,0,0,0,0,0,5843,0.100000,0.000000,0.000000,1.000000,,0,0,0,0,0,0,0
183,441,dw_prop_cball_pile01 (Instance 12),28775.37,27758.28,8840.00,291,100,2048,0,0,0,0,0,5913,1.200000,0.000000,0.000000,1.000000,,0,0,0,0,0,0,0
184,445,dw_prop_wagon01 (Instance 5),28842.09,27736.80,8841.00,258,100,2048,0,0,0,0,0,5918,1.783185,0.000000,0.000000,1.000000,,0,0,0,0,0,0,0
185,424,dw_crate_ammo05 (Instance 7),29861.22,29489.40,8840.00,243,100,2048,0,0,0,0,0,5931,2.050000,0.000000,0.000000,1.000000,,0,0,0,0,0,0,0
186,425,dw_crate_ammo06 (Instance 5),29782.10,29498.68,8840.00,0,100,2048,0,0,0,0,0,5932,0.000000,1.000000,0.000000,0.000000,,0,0,0,0,0,0,0
187,455,dw_ropecoil01 (Instance 1),28592.15,27838.91,8840.00,0,100,2048,0,0,0,0,0,5987,0.000000,1.000000,0.000000,0.000000,,0,0,0,0,0,0,0
188,481,ge_rock010 (Instance 50),40427.54,30076.34,7130.10,0,100,2048,0,0,0,0,0,6036,0.000000,1.000000,0.000000,0.000000,Name3,0,0,0,0,0,0,0
189,478,ge_rock007 (Instance 60),39844.76,29946.64,7133.47,0,100,2048,0,0,0,0,0,6037,0.000000,1.000000,0.000000,0.000000,Name3,0,0,0,0,0,0,0
190,476,ge_rock005 (Instance 61),40139.02,29944.01,7116.63,0,100,2048,0,0,0,0,0,6038,0.000000,1.000000,0.000000,0.000000,Name3,0,0,0,0,0,0,0
191,482,ge_rock011 (Instance 49),40279.86,29218.50,7119.38,0,100,2048,0,0,0,0,0,6039,0.000000,1.000000,0.000000,0.000000,Name3,0,0,0,0,0,0,0
192,473,ge_rock002 (Instance 53),39955.13,29591.83,7085.85,0,100,2048,0,0,0,0,0,6040,0.000000,1.000000,0.000000,0.000000,Name3,0,0,0,0,0,0,0
193,481,ge_rock010 (Instance 51),40160.20,29753.15,7072.00,337,100,2048,0,0,0,0,0,6041,0.400000,0.000000,0.000000,1.000000,Name3,0,0,0,0,0,0,0
194,480,ge_rock009 (Instance 76),40430.77,29059.72,7144.00,0,100,2048,0,0,0,0,0,6042,0.000000,1.000000,0.000000,0.000000,Name3,0,0,0,0,0,0,0
195,479,ge_rock008 (Instance 47),39375.14,30027.34,7318.23,0,100,2048,0,0,0,0,0,6043,0.000000,1.000000,0.000000,0.000000,Name3,0,0,0,0,0,0,0
196,476,ge_rock005 (Instance 62),40440.59,29893.10,7096.64,228,100,2048,0,0,0,0,0,6046,2.534543,-0.651978,0.291778,0.699850,Name3,0,0,0,0,0,0,0
197,475,ge_rock004 (Instance 62),40584.48,30345.65,7160.29,0,100,2048,0,0,0,0,0,6047,0.000000,1.000000,0.000000,0.000000,Name3,0,0,0,0,0,0,0
198,417,dw_coalpile01 (Instance 0),40801.90,29540.58,7154.24,168,100,2048,0,0,0,0,0,6155,2.933186,0.000000,0.000000,-1.000000,,0,0,0,0,0,0,0
199,418,dw_coalpile02 (Instance 3),40840.21,29758.15,7151.03,248,100,2048,0,0,0,0,0,6156,1.950000,0.000000,0.000000,1.000000,,0,0,0,0,0,0,0
200,419,dw_coalpile03 (Instance 3),40640.82,29685.49,7142.00,272,100,2048,0,0,0,0,0,6157,1.533185,0.000000,0.000000,1.000000,,0,0,0,0,0,0,0
201,417,dw_coalpile01 (Instance 1),40665.32,29578.93,7137.96,43,100,2048,0,0,0,0,0,6158,0.750000,0.000000,0.000000,-1.000000,,0,0,0,0,0,0,0
202,418,dw_coalpile02 (Instance 4),40746.12,29763.12,7153.62,138,100,2048,0,0,0,0,0,6159,2.400000,0.000000,0.000000,-1.000000,,0,0,0,0,0,0,0
203,419,dw_coalpile03 (Instance 4),40766.86,29651.68,7149.86,0,100,2048,0,0,0,0,0,6160,0.000000,1.000000,0.000000,0.000000,,0,0,0,0,0,0,0
204,443,dw_prop_shovel01 (Instance 5),40573.85,30099.30,7122.68,0,100,2048,0,0,0,0,0,6164,0.000000,1.000000,0.000000,0.000000,,0,0,0,0,0,0,0
205,434,dw_lantern01 (Instance 1),40679.89,29916.01,7126.00,0,100,2048,0,0,0,0,0,6173,0.000000,1.000000,0.000000,0.000000,,0,0,0,0,0,0,0
206,524,or_prop_chest01 (Instance 21),35107.69,40852.19,7766.72,168,100,2048,0,0,0,0,0,6491,2.933186,0.000000,0.000000,-1.000000,,0,0,0,0,0,0,0
207,529,or_prop_table01 (Instance 7),34991.90,40816.88,7736.00,17,100,2048,0,0,0,0,0,6492,0.300000,0.000000,0.000000,-1.000000,,0,0,0,0,0,0,0
208,530,or_prop_table03 (Instance 16),35109.48,40852.45,7744.00,0,100,2048,0,0,0,0,0,6493,0.000000,1.000000,0.000000,0.000000,,0,0,0,0,0,0,0
209,521,or_prop_barrel01 (Instance 103),34865.61,40794.06,7741.00,325,100,2048,0,0,0,0,0,6494,0.611885,0.000000,0.000000,1.000000,,0,0,0,0,0,0,0
210,521,or_prop_barrel01 (Instance 104),34828.79,40794.99,7743.00,200,100,2048,0,0,0,0,0,6495,2.787903,0.000000,0.000000,1.000000,,0,0,0,0,0,0,0
211,477,ge_rock006 (Instance 66),25771.95,38327.96,8497.50,0,100,2048,0,0,0,0,0,6763,0.000000,1.000000,0.000000,0.000000,Name3,0,0,0,0,0,0,0
212,479,ge_rock008 (Instance 52),25629.44,38317.26,8513.61,0,100,2048,0,0,0,0,0,6764,0.000000,1.000000,0.000000,0.000000,Name3,0,0,0,0,0,0,0
213,475,ge_rock004 (Instance 68),26684.86,38758.82,8705.52,0,100,2048,0,0,0,0,0,6768,0.000000,1.000000,0.000000,0.000000,Name3,0,0,0,0,0,0,0
214,474,ge_rock003 (Instance 50),26811.18,38684.95,8539.30,0,100,2048,0,0,0,0,0,6770,0.000000,1.000000,0.000000,0.000000,Name3,0,0,0,0,0,0,0
215,472,ge_rock001 (Instance 46),25080.69,37662.06,8496.48,0,100,2048,0,0,0,0,0,6771,0.000000,1.000000,0.000000,0.000000,Name3,0,0,0,0,0,0,0
216,477,ge_rock006 (Instance 67),25384.42,37719.60,8508.20,0,100,2048,0,0,0,0,0,6772,0.000000,1.000000,0.000000,0.000000,Name3,0,0,0,0,0,0,0
217,499,or_bridge01_short (Instance 5),27492.10,38508.90,9239.71,0,100,2048,0,0,0,0,0,6773,0.000000,1.000000,0.000000,0.000000,,0,0,0,0,0,0,0
218,502,or_bush01_var02 (Instance 444),29266.65,40391.59,8555.77,286,100,2048,0,0,0,0,0,7588,1.295678,0.000000,0.000000,1.000000,,0,0,0,0,0,0,0
219,501,or_bush01_var01 (Instance 106),29314.31,40604.91,8516.67,107,100,2048,0,0,0,0,0,7589,1.858857,0.000000,0.000000,-1.000000,,0,0,0,0,0,0,0
220,500,or_bush01_var00 (Instance 86),29324.80,40480.61,8550.19,22,100,2048,0,0,0,0,0,7590,0.375261,0.000000,0.000000,-1.000000,,0,0,0,0,0,0,0
221,502,or_bush01_var02 (Instance 445),28816.17,39317.41,8632.00,241,100,2048,0,0,0,0,0,7591,2.080142,0.000000,0.000000,1.000000,,0,0,0,0,0,0,0
222,479,ge_rock008 (Instance 61),29905.05,39308.27,8460.33,0,100,2048,0,0,0,0,0,7593,0.000000,1.000000,0.000000,0.000000,Name3,0,0,0,0,0,0,0
223,473,ge_rock002 (Instance 69),30133.77,39401.07,8473.59,0,100,2048,0,0,0,0,0,7594,0.000000,1.000000,0.000000,0.000000,Name3,0,0,0,0,0,0,0
224,480,ge_rock009 (Instance 90),29215.45,40221.66,8612.66,0,100,2048,0,0,0,0,0,7595,0.000000,1.000000,0.000000,0.000000,Name3,0,0,0,0,0,0,0
225,496,or_boulder03 (Instance 9),36629.02,31084.20,8333.65,0,100,2048,0,0,0,0,0,7756,0.000000,1.000000,0.000000,0.000000,Name3,0,0,0,0,0,0,0
226,494,or_boulder01 (Instance 10),37144.29,31522.92,7694.54,197,100,2048,0,0,0,0,0,7758,2.850000,0.000000,0.000000,1.000000,Name3,0,0,0,0,0,0,0
227,496,or_boulder03 (Instance 10),36326.16,34119.30,8517.04,122,100,2048,0,0,0,0,0,7759,2.133185,0.000000,0.000000,-1.000000,Name3,0,0,0,0,0,0,0
228,487,or_banner02 (Instance 9),37491.76,32597.05,8679.31,114,125,2048,0,0,0,0,0,7762,1.989675,0.000000,0.000000,-1.000000,Name1,0,0,0,0,0,0,0
229,495,or_boulder02 (Instance 11),35976.10,37525.68,7862.43,274,100,2048,0,0,0,0,0,7763,1.500001,0.000000,0.000000,1.000000,Name3,0,0,0,0,0,0,0
230,496,or_boulder03 (Instance 11),36547.59,37804.84,7818.90,203,100,2048,0,0,0,0,0,7764,2.733186,0.000000,0.000000,1.000000,Name3,0,0,0,0,0,0,0
231,498,or_boulder05 (Instance 8),36910.46,36574.66,9320.22,283,100,2048,0,0,0,0,0,7766,1.350001,0.000000,0.000000,1.000000,Name3,0,0,0,0,0,0,0
232,494,or_boulder01 (Instance 11),37554.11,38149.04,7683.48,137,100,2048,0,0,0,0,0,7768,2.383185,0.000000,0.000000,-1.000000,Name3,0,0,0,0,0,0,0
233,495,or_boulder02 (Instance 12),33035.94,38033.31,8081.25,162,100,2048,0,0,0,0,0,7770,2.812662,0.105837,0.121216,-0.986968,Name3,0,0,0,0,0,0,0
234,487,or_banner02 (Instance 10),34884.20,37915.23,7865.62,160,125,2048,0,0,0,0,0,7771,2.794887,0.000000,0.000000,-1.000000,Name1,0,0,0,0,0,0,0
235,487,or_banner02 (Instance 11),27541.69,36647.19,8798.70,192,100,2048,0,0,0,0,0,7772,2.939234,0.000000,0.000000,1.000000,Name1,0,0,0,0,0,0,0
236,542,or_tree_pine01_var05 (Instance 39),30346.85,38275.80,8872.00,156,100,2048,0,0,0,0,0,7807,2.729227,0.000000,0.000000,-1.000000,,0,0,0,0,0,0,0
237,539,or_tree_pine01_var02 (Instance 53),31501.75,39635.33,8872.00,64,100,2048,0,0,0,0,0,7808,1.112553,0.000000,0.000000,-1.000000,,0,0,0,0,0,0,0
238,543,or_tree_pine03_var00 (Instance 93),31325.82,38656.51,8872.00,260,100,2048,0,0,0,0,0,7810,1.737286,0.000000,0.000000,1.000000,,0,0,0,0,0,0,0
239,543,or_tree_pine03_var00 (Instance 94),29546.69,38251.66,8872.00,131,100,2048,0,0,0,0,0,7811,2.293371,0.000000,0.000000,-1.000000,,0,0,0,0,0,0,0
240,546,or_tree_pine04_var00 (Instance 62),29218.43,37853.48,8872.00,297,100,2048,0,0,0,0,0,7812,1.095679,0.000000,0.000000,1.000000,,0,0,0,0,0,0,0
241,541,or_tree_pine01_var04 (Instance 65),31063.18,39089.71,8872.00,87,100,2048,0,0,0,0,0,7813,1.520988,0.000000,0.000000,-1.000000,,0,0,0,0,0,0,0
242,544,or_tree_pine03_var01 (Instance 96),30054.87,38613.70,8872.00,139,100,2048,0,0,0,0,0,7814,2.423572,0.000000,0.000000,-1.000000,,0,0,0,0,0,0,0
243,473,ge_rock002 (Instance 72),31349.48,39204.24,8872.00,0,100,2048,0,0,0,0,0,7815,0.000000,1.000000,0.000000,0.000000,Name3,0,0,0,0,0,0,0
244,472,ge_rock001 (Instance 53),30509.61,38485.92,8872.00,0,100,2048,0,0,0,0,0,7816,0.000000,1.000000,0.000000,0.000000,Name3,0,0,0,0,0,0,0
245,475,ge_rock004 (Instance 77),31193.87,39830.99,8853.13,0,100,2048,0,0,0,0,0,7817,0.000000,1.000000,0.000000,0.000000,Name3,0,0,0,0,0,0,0
246,481,ge_rock010 (Instance 65),31723.99,38960.77,8872.00,0,100,2048,0,0,0,0,0,7818,0.000000,1.000000,0.000000,0.000000,Name3,0,0,0,0,0,0,0
247,481,ge_rock010 (Instance 66),29130.26,38035.82,8865.28,0,100,2048,0,0,0,0,0,7819,0.000000,1.000000,0.000000,0.000000,Name3,0,0,0,0,0,0,0
248,479,ge_rock008 (Instance 67),29949.45,38171.57,8867.45,0,100,2048,0,0,0,0,0,7821,0.000000,1.000000,0.000000,0.000000,Name3,0,0,0,0,0,0,0
249,531,or_Siegetower01 (Instance 0),32227.96,30925.84,8806.78,331,100,2048,0,0,0,0,0,7822,0.500000,0.000000,0.000000,1.000000,,0,0,0,0,0,0,0
250,531,or_Siegetower01 (Instance 1),29978.38,32046.63,8801.58,334,100,2048,0,0,0,0,0,7823,0.450000,0.000000,0.000000,1.000000,,0,0,0,0,0,0,0
251,550,vfx_orc_SiegeTowerFire (Instance 1),29977.57,32053.51,9791.89,337,100,2048,0,0,0,0,0,7892,0.400000,0.000000,0.000000,1.000000,,0,0,0,0,0,0,0
252,550,vfx_orc_SiegeTowerFire (Instance 2),32227.49,30932.75,9797.08,326,100,2048,0,0,0,0,0,7893,0.600000,0.000000,0.000000,1.000000,,0,0,0,0,0,0,0
253,469,ge_jump01 (Instance 2),34802.97,37652.98,7866.50,162,100,2048,0,0,0,0,0,7941,2.827040,0.000000,0.000000,-1.000000,Name1,0,0,0,0,0,0,0
254,469,ge_jump01 (Instance 5),34280.55,38096.02,7835.58,331,125,2048,0,0,0,0,0,7944,0.506145,0.000000,0.000000,1.000000,Name1,0,0,0,0,0,0,0
255,469,ge_jump01 (Instance 19),27159.30,35558.51,8618.96,30,100,2048,0,0,0,0,0,7959,0.523598,0.000000,0.000000,-1.000000,Name1,0,0,0,0,0,0,0
256,542,or_tree_pine01_var05 (Instance 2),19997.89,29885.89,9648.78,141,100,2048,0,0,0,0,0,7976,2.457031,0.000000,0.000000,-1.000000,,0,0,0,0,0,0,0
257,540,or_tree_pine01_var03 (Instance 3),18828.62,27853.54,9668.94,75,75,2048,0,0,0,0,0,7977,1.308997,0.000000,0.000000,-1.000000,Name1,0,0,0,0,0,0,0
258,518,or_hut02_c (Instance 1),33827.57,39644.94,7736.00,268,100,2048,0,0,0,0,0,7978,1.600000,0.000000,0.000000,1.000000,,0,0,0,0,0,0,0
259,468,ge_invisiblewall01.nif (Instance 0),37254.24,31575.27,8779.31,66,200,2048,0,0,0,0,0,7988,1.150000,0.000000,0.000000,-1.000000,Name1,0,0,0,0,0,0,0
260,468,ge_invisiblewall01.nif (Instance 1),36505.45,30876.46,8779.31,20,200,2048,0,0,0,0,0,7989,0.351917,0.000000,0.000000,-1.000000,Name1,0,0,0,0,0,0,0
261,468,ge_invisiblewall01.nif (Instance 2),35526.68,30368.66,8779.31,35,200,2048,0,0,0,0,0,7990,0.605212,0.000000,0.000000,-1.000000,Name1,0,0,0,0,0,0,0
262,468,ge_invisiblewall01.nif (Instance 3),35448.47,36913.25,8376.49,83,200,2048,0,0,0,0,0,7991,1.450001,0.000000,0.000000,-1.000000,Name1,0,0,0,0,0,0,0
263,475,ge_rock004 (Instance 7),33503.53,38387.31,8222.92,0,100,2048,0,0,0,0,0,8009,0.000000,1.000000,0.000000,0.000000,Name3,0,0,0,0,0,0,0
264,432,dw_gyrodestroyed (Instance 1),32226.54,29741.13,10508.71,82,100,2048,0,0,0,0,0,8010,1.865842,-0.538449,-0.257315,-0.802410,,0,0,0,0,0,0,0
265,470,ge_lumber02 (Instance 0),30901.13,31042.55,8906.00,56,100,2048,0,0,0,0,0,8011,1.044844,0.021790,0.490026,-0.871435,,0,0,0,0,0,0,0
266,454,dw_Roadwall_Pillar (Instance 10),31194.03,28125.68,8856.00,252,100,2048,0,0,0,0,0,8013,1.880257,0.000000,0.000000,1.000000,,0,0,0,0,0,0,0
267,453,dw_RoadWall_Main (Instance 1),31175.22,28065.23,8840.00,252,100,2048,0,0,0,0,0,8014,1.880250,0.000000,0.000000,1.000000,Name1,0,0,0,0,0,0,0
268,453,dw_RoadWall_Main (Instance 2),31140.00,27955.08,8840.00,252,100,2048,0,0,0,0,0,8015,1.880243,0.000000,0.000000,1.000000,Name1,0,0,0,0,0,0,0
269,453,dw_RoadWall_Main (Instance 3),31104.78,27844.92,8840.00,252,100,2048,0,0,0,0,0,8016,1.880236,0.000000,0.000000,1.000000,Name1,0,0,0,0,0,0,0
270,454,dw_Roadwall_Pillar (Instance 11),31086.32,27773.69,8852.24,354,100,2048,0,0,0,0,0,8017,0.100000,0.000000,0.000000,1.000000,,0,0,0,0,0,0,0
271,453,dw_RoadWall_Main (Instance 4),31080.35,27699.00,8838.98,86,100,2048,0,0,0,0,0,8018,1.500001,0.000000,0.000000,-1.000000,,0,0,0,0,0,0,0
272,453,dw_RoadWall_Main (Instance 5),31072.22,27583.64,8838.98,86,100,2048,0,0,0,0,0,8019,1.500985,0.000000,0.000000,-1.000000,Name1,0,0,0,0,0,0,0
273,453,dw_RoadWall_Main (Instance 6),31064.15,27468.28,8838.98,86,100,2048,0,0,0,0,0,8020,1.500985,0.000000,0.000000,-1.000000,Name1,0,0,0,0,0,0,0
274,453,dw_RoadWall_Main (Instance 7),31088.59,27336.18,8829.71,288,100,2048,0,0,0,0,0,8021,1.250000,0.000000,0.000000,1.000000,,0,0,0,0,0,0,0
275,453,dw_RoadWall_Main (Instance 8),31124.69,27226.31,8829.71,288,100,2048,0,0,0,0,0,8022,1.256637,0.000000,0.000000,1.000000,Name1,0,0,0,0,0,0,0
276,453,dw_RoadWall_Main (Instance 9),31160.43,27116.33,8829.71,288,100,2048,0,0,0,0,0,8023,1.256637,0.000000,0.000000,1.000000,Name1,0,0,0,0,0,0,0
277,454,dw_Roadwall_Pillar (Instance 12),31187.55,27048.89,8833.36,34,100,2048,0,0,0,0,0,8024,0.600000,0.000000,0.000000,-1.000000,,0,0,0,0,0,0,0
278,453,dw_RoadWall_Main (Instance 10),31235.37,26991.71,8826.03,311,100,2048,0,0,0,0,0,8025,0.850000,0.000000,0.000000,1.000000,,0,0,0,0,0,0,0
279,453,dw_RoadWall_Main (Instance 11),31311.47,26904.62,8826.03,311,100,2048,0,0,0,0,0,8026,0.855211,0.000000,0.000000,1.000000,Name1,0,0,0,0,0,0,0
280,453,dw_RoadWall_Main (Instance 12),31387.34,26817.34,8826.03,311,100,2048,0,0,0,0,0,8027,0.855211,0.000000,0.000000,1.000000,Name1,0,0,0,0,0,0,0
281,453,dw_RoadWall_Main (Instance 13),31463.21,26730.06,8826.03,311,100,2048,0,0,0,0,0,8028,0.855211,0.000000,0.000000,1.000000,Name1,0,0,0,0,0,0,0
282,476,ge_rock005 (Instance 7),28603.54,28288.16,8792.28,0,65,2048,0,0,0,0,0,8041,0.000000,1.000000,0.000000,0.000000,Name3,0,0,0,0,0,0,0
283,476,ge_rock005 (Instance 9),30462.93,27742.47,8805.43,0,40,2048,0,0,0,0,0,8043,0.994838,0.000000,1.000000,0.000000,Name3,0,0,0,0,0,0,0
284,468,ge_invisiblewall01.nif (Instance 4),27155.54,29493.61,8891.45,90,100,2048,0,0,0,0,0,8063,1.570796,0.000000,0.000000,-1.000000,Name1,0,0,0,0,0,0,0
285,412,dw_banner_thin_03 (Instance 0),31511.27,30375.88,10176.55,334,65,2048,0,0,0,0,0,8064,0.453786,0.000000,0.000000,1.000000,Name1,0,0,0,0,0,0,0
286,413,dw_banner_thin_03_falllen (Instance 0),30817.41,31738.96,8834.12,343,100,2048,0,0,0,0,0,8065,0.300000,0.000000,0.000000,1.000000,,0,0,0,0,0,0,0
287,428,dw_dead04 (Instance 0),28816.85,28862.90,8812.00,27,100,2048,0,0,0,0,0,8073,0.706606,-0.719907,0.296383,-0.627607,,0,0,0,0,0,0,0
288,428,dw_dead04 (Instance 1),30566.76,33374.41,8805.73,106,100,2048,0,0,0,0,0,8074,1.843293,-0.066118,0.350670,-0.934162,,0,0,0,0,0,0,0
289,440,dw_prop_barrels03 (Instance 3),32956.57,29713.08,10102.12,96,100,2048,0,0,0,0,0,8075,1.670748,0.000000,0.000000,-1.000000,,0,0,0,0,0,0,0
290,424,dw_crate_ammo05 (Instance 5),32501.52,30101.13,10120.12,271,100,2048,0,0,0,0,0,8079,1.550001,0.000000,0.000000,1.000000,,0,0,0,0,0,0,0
291,438,dw_prop_barrels01 (Instance 1),32882.73,29488.96,10134.61,69,100,2048,0,0,0,0,0,8080,1.200000,0.000000,0.000000,-1.000000,,0,0,0,0,0,0,0
292,425,dw_crate_ammo06 (Instance 4),31957.18,28943.04,10119.12,0,100,2048,0,0,0,0,0,8082,0.000000,1.000000,0.000000,0.000000,,0,0,0,0,0,0,0
293,425,dw_crate_ammo06 (Instance 5),32067.84,28852.30,10119.12,60,100,2048,0,0,0,0,0,8083,1.050000,0.000000,0.000000,-1.000000,,0,0,0,0,0,0,0
294,426,dw_crate_ammo07 (Instance 1),32431.19,29959.82,10119.12,66,100,2048,0,0,0,0,0,8084,1.150000,0.000000,0.000000,-1.000000,,0,0,0,0,0,0,0
295,426,dw_crate_ammo07 (Instance 2),32631.21,30057.63,10119.12,0,100,2048,0,0,0,0,0,8085,0.000000,1.000000,0.000000,0.000000,,0,0,0,0,0,0,0
296,426,dw_crate_ammo07 (Instance 3),32968.43,29842.83,10119.12,72,100,2048,0,0,0,0,0,8086,1.250000,0.000000,0.000000,-1.000000,,0,0,0,0,0,0,0
297,426,dw_crate_ammo07 (Instance 5),32892.30,29624.57,10120.12,54,100,2048,0,0,0,0,0,8088,0.950000,0.000000,0.000000,-1.000000,,0,0,0,0,0,0,0
298,426,dw_crate_ammo07 (Instance 6),31988.22,29501.51,10119.13,0,100,2048,0,0,0,0,0,8089,0.000000,1.000000,0.000000,0.000000,,0,0,0,0,0,0,0
299,426,dw_crate_ammo07 (Instance 7),28084.99,30927.16,10119.12,0,100,2048,0,0,0,0,0,8091,0.000000,1.000000,0.000000,0.000000,,0,0,0,0,0,0,0
300,441,dw_prop_cball_pile01 (Instance 7),28305.56,31108.35,10155.58,300,100,2048,0,0,0,0,0,8092,1.050000,0.000000,0.000000,1.000000,,0,0,0,0,0,0,0
301,441,dw_prop_cball_pile01 (Instance 8),28557.70,30554.29,10120.12,0,100,2048,0,0,0,0,0,8093,0.000000,1.000000,0.000000,0.000000,,0,0,0,0,0,0,0
302,441,dw_prop_cball_pile01 (Instance 9),29120.88,31772.93,10120.12,0,100,2048,0,0,0,0,0,8094,0.000000,1.000000,0.000000,0.000000,,0,0,0,0,0,0,0
303,441,dw_prop_cball_pile01 (Instance 10),29053.72,31809.07,10120.12,265,100,2048,0,0,0,0,0,8095,1.650000,0.000000,0.000000,1.000000,,0,0,0,0,0,0,0
304,441,dw_prop_cball_pile01 (Instance 11),29151.52,31715.14,10120.12,92,100,2048,0,0,0,0,0,8096,1.600000,0.000000,0.000000,-1.000000,,0,0,0,0,0,0,0
305,441,dw_prop_cball_pile01 (Instance 12),29114.08,31621.76,10121.12,265,100,2048,0,0,0,0,0,8097,1.650000,0.000000,0.000000,1.000000,,0,0,0,0,0,0,0
306,441,dw_prop_cball_pile01 (Instance 13),28318.05,31174.61,10155.57,243,100,2048,0,0,0,0,0,8098,2.050000,0.000000,0.000000,1.000000,,0,0,0,0,0,0,0
307,549,vfx_fire_house_small (Instance 1),34614.27,33255.95,8778.18,0,50,2048,0,0,0,0,0,8100,0.000000,1.000000,0.000000,0.000000,,0,0,0,0,0,0,0
308,484,go_lobber02_prop (Instance 0),34964.95,33812.94,8764.00,120,100,2048,0,0,0,0,0,8101,2.100358,-0.024995,-0.014338,-0.999585,,0,0,0,0,0,0,0
309,484,go_lobber02_prop (Instance 1),35099.30,33094.25,8747.00,129,100,2048,0,0,0,0,0,8102,2.250000,-0.000000,-0.000000,-1.000000,,0,0,0,0,0,0,0
310,416,dw_cannon01_prop (Instance 2),28220.00,26478.00,10480.00,314,100,2048,0,0,0,0,0,8104,0.800000,0.000000,0.000000,1.000000,Name1,0,0,0,0,0,0,0
311,416,dw_cannon01_prop (Instance 3),27505.00,26766.00,10484.00,331,100,2048,0,0,0,0,0,8105,0.500000,0.000000,0.000000,1.000000,Name1,0,0,0,0,0,0,0
312,416,dw_cannon01_prop (Instance 4),26936.89,26623.59,10495.11,331,100,2048,0,0,0,0,0,8106,0.500000,0.000000,0.000000,1.000000,,0,0,0,0,0,0,0
313,483,go_lobber01_destroyed (Instance 1),32852.79,35459.80,8602.00,158,100,2048,0,0,0,0,0,8107,2.754454,0.029626,0.149373,-0.988337,Name1,0,0,0,0,0,0,0
314,549,vfx_fire_house_small (Instance 3),32842.83,35397.82,8663.16,0,40,2048,0,0,0,0,0,8108,0.000000,1.000000,0.000000,0.000000,,0,0,0,0,0,0,0
315,494,or_boulder01 (Instance 2),32255.40,39034.86,8490.54,257,20,2048,0,0,0,0,0,8144,1.845505,0.326004,-0.453759,0.829352,Name3,0,0,0,0,0,0,0
316,493,or_barrier02 (Instance 28),32727.41,38736.89,8760.09,326,100,2048,0,0,0,0,0,8145,0.600000,0.000000,0.000000,1.000000,,0,0,0,0,0,0,0
317,492,or_barrier01 (Instance 9),32876.46,38658.77,8745.75,328,100,2048,0,0,0,0,0,8146,0.760330,-0.290316,0.585379,0.756999,,0,0,0,0,0,0,0
318,492,or_barrier01 (Instance 10),32955.18,38660.52,8681.44,288,100,2048,0,0,0,0,0,8147,1.308360,-0.197839,0.257602,0.945780,,0,0,0,0,0,0,0
319,456,dw_ruin_fort07 (Instance 0),31724.76,25717.56,9006.86,314,100,2048,0,0,0,0,0,8154,0.800000,0.000000,0.000000,1.000000,,0,0,0,0,0,0,0
320,465,dw_wall_pallisade01 (Instance 0),29128.71,27599.56,8840.00,320,100,2048,0,0,0,0,0,8155,0.700000,0.000000,0.000000,1.000000,,0,0,0,0,0,0,0
321,416,dw_cannon01_prop (Instance 5),29024.46,27580.85,8848.22,317,100,2048,0,0,0,0,0,8156,0.750000,0.000000,0.000000,1.000000,,0,0,0,0,0,0,0
322,416,dw_cannon01_prop (Instance 6),29127.57,27490.68,8848.00,320,100,2048,0,0,0,0,0,8157,0.700000,0.000000,0.000000,1.000000,,0,0,0,0,0,0,0
323,422,dw_crate_ammo03 (Instance 1),28906.00,27616.54,8848.00,0,100,2048,0,0,0,0,0,8158,0.000000,1.000000,0.000000,0.000000,,0,0,0,0,0,0,0
324,423,dw_crate_ammo04 (Instance 3),28984.32,27456.32,8851.22,0,100,2048,0,0,0,0,0,8159,0.000000,1.000000,0.000000,0.000000,,0,0,0,0,0,0,0
325,541,or_tree_pine01_var04 (Instance 4),29604.93,24180.68,8618.19,228,100,2048,0,0,0,0,0,8160,2.296634,0.000000,0.000000,1.000000,,0,0,0,0,0,0,0
326,544,or_tree_pine03_var01 (Instance 1),28694.20,27598.45,8874.00,95,100,2048,0,0,0,0,0,8161,1.663152,0.000000,0.000000,-1.000000,,0,0,0,0,0,0,0
327,538,or_tree_pine01_var01 (Instance 1),30687.03,23987.04,8537.46,122,100,2048,0,0,0,0,0,8162,2.122287,0.000000,0.000000,-1.000000,,0,0,0,0,0,0,0
328,538,or_tree_pine01_var01 (Instance 2),33691.42,24203.61,9897.07,32,100,2048,0,0,0,0,0,8163,0.562988,0.000000,0.000000,-1.000000,,0,0,0,0,0,0,0
329,539,or_tree_pine01_var02 (Instance 4),33621.91,22554.50,10341.25,95,100,2048,0,0,0,0,0,8164,1.654309,0.000000,0.000000,-1.000000,,0,0,0,0,0,0,0
330,542,or_tree_pine01_var05 (Instance 3),33446.93,21823.79,10391.59,12,100,2048,0,0,0,0,0,8166,0.214764,0.000000,0.000000,-1.000000,,0,0,0,0,0,0,0
331,544,or_tree_pine03_var01 (Instance 2),31548.60,23006.36,9682.91,118,100,2048,0,0,0,0,0,8167,2.055980,0.000000,0.000000,-1.000000,,0,0,0,0,0,0,0
332,402,dw_banner_large_02 (Instance 2),32067.42,25755.90,9129.05,49,100,2048,0,0,0,0,0,8176,0.850000,0.000000,0.000000,-1.000000,,0,0,0,0,0,0,0
333,547,or_tree_pine04_var02 (Instance 1),28956.81,24827.24,9181.60,216,100,2048,0,0,0,0,0,8179,2.508327,0.000000,0.000000,1.000000,,0,0,0,0,0,0,0
334,546,or_tree_pine04_var00 (Instance 1),28901.90,24541.41,9235.25,357,100,2048,0,0,0,0,0,8180,0.060976,0.000000,0.000000,1.000000,,0,0,0,0,0,0,0
335,538,or_tree_pine01_var01 (Instance 4),28965.42,19706.45,9387.98,253,100,2048,0,0,0,0,0,8182,1.871897,0.000000,0.000000,1.000000,,0,0,0,0,0,0,0
336,538,or_tree_pine01_var01 (Instance 5),26531.66,17167.14,9215.02,173,100,2048,0,0,0,0,0,8183,3.018201,0.000000,0.000000,-1.000000,,0,0,0,0,0,0,0
337,539,or_tree_pine01_var02 (Instance 6),27647.40,18137.66,9380.64,291,100,2048,0,0,0,0,0,8185,1.212265,0.000000,0.000000,1.000000,,0,0,0,0,0,0,0
338,539,or_tree_pine01_var02 (Instance 7),25534.17,17652.17,8937.02,148,100,2048,0,0,0,0,0,8186,2.587713,0.000000,0.000000,-1.000000,,0,0,0,0,0,0,0
339,540,or_tree_pine01_var03 (Instance 4),22937.08,18654.86,8517.15,297,100,2048,0,0,0,0,0,8187,1.107185,0.000000,0.000000,1.000000,,0,0,0,0,0,0,0
340,538,or_tree_pine01_var01 (Instance 6),23372.72,18522.92,8522.54,144,100,2048,0,0,0,0,0,8188,2.509094,0.000000,0.000000,-1.000000,,0,0,0,0,0,0,0
341,540,or_tree_pine01_var03 (Instance 5),29263.26,18065.70,9565.37,160,100,2048,0,0,0,0,0,8189,2.790587,0.000000,0.000000,-1.000000,,0,0,0,0,0,0,0
342,405,dw_banner_large_04 (Instance 0),31502.02,25212.76,9129.46,43,100,2048,0,0,0,0,0,8190,0.750000,0.000000,0.000000,-1.000000,,0,0,0,0,0,0,0
343,457,dw_statue01 (Instance 0),31610.28,24636.57,9484.86,32,100,2048,0,0,0,0,0,8191,0.550000,0.000000,0.000000,-1.000000,,0,0,0,0,0,0,0
344,462,dw_tent01 (Instance 1),28814.56,27230.82,8847.00,291,100,2048,0,0,0,0,0,8193,1.200577,-0.011533,0.061491,0.998041,,0,0,0,0,0,0,0
345,462,dw_tent01 (Instance 1),28908.32,27101.72,8837.46,320,100,2048,0,0,0,0,0,8194,0.704659,-0.043194,0.092857,0.994742,,0,0,0,0,0,0,0
346,462,dw_tent01 (Instance 2),30663.29,27307.76,8812.59,20,100,2048,0,0,0,0,0,8195,0.371976,0.242648,0.179495,-0.953364,,0,0,0,0,0,0,0
347,462,dw_tent01 (Instance 3),30671.71,27586.60,8824.84,155,100,2048,0,0,0,0,0,8196,2.703199,0.055547,0.013747,-0.998361,,0,0,0,0,0,0,0
348,462,dw_tent01 (Instance 4),30432.62,27458.67,8844.40,263,100,2048,0,0,0,0,0,8197,1.700000,0.000000,0.000000,1.000000,,0,0,0,0,0,0,0
349,538,or_tree_pine01_var01 (Instance 6),24336.49,28883.98,8489.05,126,100,2048,0,0,0,0,0,8198,2.190783,0.000000,0.000000,-1.000000,,0,0,0,0,0,0,0
350,540,or_tree_pine01_var03 (Instance 6),23311.49,30308.58,8407.21,319,100,2048,0,0,0,0,0,8199,0.710063,0.000000,0.000000,1.000000,,0,0,0,0,0,0,0
351,540,or_tree_pine01_var03 (Instance 7),24512.18,27964.40,8476.19,118,100,2048,0,0,0,0,0,8200,2.057706,0.000000,0.000000,-1.000000,,0,0,0,0,0,0,0
352,539,or_tree_pine01_var02 (Instance 7),25149.34,28583.39,8503.32,156,100,2048,0,0,0,0,0,8201,2.726159,0.000000,0.000000,-1.000000,,0,0,0,0,0,0,0
353,541,or_tree_pine01_var04 (Instance 5),26403.05,27834.95,8477.35,51,100,2048,0,0,0,0,0,8202,0.882258,0.000000,0.000000,-1.000000,,0,0,0,0,0,0,0
354,462,dw_tent01 (Instance 5),24531.76,28623.52,8462.00,320,100,2048,0,0,0,0,0,8203,0.700000,0.000000,0.000000,1.000000,,0,0,0,0,0,0,0
355,462,dw_tent01 (Instance 6),24664.39,28943.00,8446.00,237,100,2048,0,0,0,0,0,8204,2.150000,0.000000,0.000000,1.000000,,0,0,0,0,0,0,0
356,432,dw_gyrodestroyed (Instance 1),28823.90,28416.37,8781.00,309,100,2048,0,0,0,0,0,8205,1.096328,0.548872,0.158326,0.820776,,0,0,0,0,0,0,0
357,545,or_tree_pine03_var02 (Instance 2),30821.66,25302.72,8701.82,2,100,2048,0,0,0,0,0,8206,0.103538,0.012964,-0.965773,-0.259064,,0,0,0,0,0,0,0
358,454,dw_Roadwall_Pillar (Instance 16),31066.50,27399.47,8843.24,14,100,2048,0,0,0,0,0,8207,0.250000,0.000000,0.000000,-1.000000,,0,0,0,0,0,0,0
359,433,dw_gyropad01 (Instance 0),30835.59,28740.13,8837.00,335,65,2048,0,0,0,0,0,8208,0.436333,0.000000,0.000000,1.000000,Name1,0,0,0,0,0,0,0
360,431,dw_gyrocopter_prop (Instance 0),30823.39,28722.42,8889.31,191,100,2048,0,0,0,0,0,8209,2.950000,0.000000,0.000000,1.000000,,0,0,0,0,0,0,0
361,433,dw_gyropad01 (Instance 1),29081.21,29557.71,8832.00,334,65,2048,0,0,0,0,0,8210,0.453785,0.000000,0.000000,1.000000,Name1,0,0,0,0,0,0,0
362,431,dw_gyrocopter_prop (Instance 1),29087.31,29538.27,8884.31,294,100,2048,0,0,0,0,0,8211,1.150000,0.000000,0.000000,1.000000,,0,0,0,0,0,0,0
363,448,dw_roadwall_barrier01_chain (Instance 0),30731.70,28493.01,8848.00,154,100,2048,0,0,0,0,0,8214,2.683180,0.000000,0.000000,-1.000000,,0,0,0,0,0,0,0
364,447,dw_roadwall_barrier01 (Instance 1),30667.70,28527.38,8839.00,334,100,2048,0,0,0,0,0,8213,0.450005,0.000000,0.000000,1.000000,,0,0,0,0,0,0,0
365,447,dw_roadwall_barrier01 (Instance 0),30797.57,28463.60,8839.00,334,100,2048,0,0,0,0,0,8212,0.450000,0.000000,0.000000,1.000000,,0,0,0,0,0,0,0
366,448,dw_roadwall_barrier01_chain (Instance 1),30572.16,28842.33,8849.00,68,100,2048,0,0,0,0,0,8215,1.183180,0.000000,0.000000,-1.000000,,0,0,0,0,0,0,0
367,447,dw_roadwall_barrier01 (Instance 2),30601.91,28908.60,8840.00,248,100,2048,0,0,0,0,0,8216,1.950005,0.000000,0.000000,1.000000,,0,0,0,0,0,0,0
368,447,dw_roadwall_barrier01 (Instance 3),30547.49,28774.54,8840.00,248,100,2048,0,0,0,0,0,8217,1.950000,0.000000,0.000000,1.000000,,0,0,0,0,0,0,0
369,448,dw_roadwall_barrier01_chain (Instance 2),29305.03,29431.99,8849.00,245,100,2048,0,0,0,0,0,8218,2.008421,0.000000,0.000000,1.000000,,0,0,0,0,0,0,0
370,447,dw_roadwall_barrier01 (Instance 4),29272.00,29367.29,8840.00,65,100,2048,0,0,0,0,0,8219,1.141579,0.000000,0.000000,-1.000000,,0,0,0,0,0,0,0
371,447,dw_roadwall_barrier01 (Instance 5),29333.06,29498.46,8840.00,65,100,2048,0,0,0,0,0,8220,1.141584,0.000000,0.000000,-1.000000,,0,0,0,0,0,0,0
372,448,dw_roadwall_barrier01_chain (Instance 3),28977.98,29321.35,8849.00,153,100,2048,0,0,0,0,0,8221,2.674766,0.000000,0.000000,-1.000000,,0,0,0,0,0,0,0
373,447,dw_roadwall_barrier01 (Instance 6),28914.27,29356.25,8840.00,334,100,2048,0,0,0,0,0,8222,0.458419,0.000000,0.000000,1.000000,,0,0,0,0,0,0,0
374,447,dw_roadwall_barrier01 (Instance 7),29043.60,29291.39,8840.00,334,100,2048,0,0,0,0,0,8223,0.458414,0.000000,0.000000,1.000000,,0,0,0,0,0,0,0
375,465,dw_wall_pallisade01 (Instance 1),29992.66,28440.43,8760.74,80,100,2048,0,0,0,0,0,8224,1.400000,0.000000,0.000000,-1.000000,,0,0,0,0,0,0,0
376,465,dw_wall_pallisade01 (Instance 2),30260.86,27131.22,8727.27,140,100,2048,0,0,0,0,0,8225,2.443461,0.000000,0.000000,-1.000000,Name1,0,0,0,0,0,0,0
377,462,dw_tent01 (Instance 7),31376.02,26620.21,8801.00,165,100,2048,0,0,0,0,0,8227,2.883185,0.000000,0.000000,-1.000000,,0,0,0,0,0,0,0
378,453,dw_RoadWall_Main (Instance 14),31528.43,26617.13,8826.03,291,100,2048,0,0,0,0,0,8029,1.200000,0.000000,0.000000,1.000000,,0,0,0,0,0,0,0
379,454,dw_Roadwall_Pillar (Instance 13),31502.21,26684.13,8828.88,288,100,2048,0,0,0,0,0,8031,1.249999,0.000000,0.000000,1.000000,,0,0,0,0,0,0,0
380,462,dw_tent01 (Instance 8),31638.55,26375.76,8805.00,97,100,2048,0,0,0,0,0,8228,1.700000,0.000000,0.000000,-1.000000,,0,0,0,0,0,0,0
381,442,dw_prop_chest02 (Instance 0),31552.28,26480.21,8804.00,143,100,2048,0,0,0,0,0,8230,2.500000,0.000000,0.000000,-1.000000,,0,0,0,0,0,0,0
382,444,dw_prop_table01 (Instance 0),31439.81,26445.03,8808.00,116,100,2048,0,0,0,0,0,8231,2.033185,0.000000,0.000000,-1.000000,,0,0,0,0,0,0,0
383,415,dw_cannon01_destroyed (Instance 4),31272.89,27198.39,8825.52,111,100,2048,0,0,0,0,0,8232,1.928980,0.005840,-0.151240,-0.988480,,0,0,0,0,0,0,0
384,415,dw_cannon01_destroyed (Instance 5),31654.76,26790.09,8819.61,0,100,2048,0,0,0,0,0,8233,0.000000,1.000000,0.000000,0.000000,,0,0,0,0,0,0,0
385,557,vfx_SMOK_smolderingblacksmoke_Short (Instance 0),28845.93,28377.43,8783.33,0,50,2048,0,0,0,0,0,8234,0.000000,1.000000,0.000000,0.000000,,0,0,0,0,0,0,0
386,433,dw_gyropad01 (Instance 2),31604.29,25665.55,9105.07,45,65,2048,0,0,0,0,0,8235,0.785398,0.000000,0.000000,-1.000000,Name1,0,0,0,0,0,0,0
387,476,ge_rock005 (Instance 7),27907.52,29239.63,8782.78,0,100,2048,0,0,0,0,0,8238,1.000000,0.000000,-1.000000,0.000000,Name3,0,0,0,0,0,0,0
388,458,dw_statue02 (Instance 0),27091.92,28297.40,9043.75,0,100,2048,0,0,0,0,0,8240,0.000000,1.000000,0.000000,0.000000,,0,0,0,0,0,0,0
389,458,dw_statue02 (Instance 1),27081.35,29224.46,9050.40,180,100,2048,0,0,0,0,0,8242,3.141593,0.000000,0.000000,1.000000,Name1,0,0,0,0,0,0,0
390,464,dw_wall02_straight (Instance 2),27403.82,27631.71,8845.38,116,100,2048,0,0,0,0,0,8241,2.033186,0.000000,0.000000,-1.000000,,0,0,0,0,0,0,0
391,464,dw_wall02_straight (Instance 3),27280.55,27879.04,8845.38,116,100,2048,0,0,0,0,0,8245,2.033186,0.000000,0.000000,-1.000000,,0,0,0,0,0,0,0
392,464,dw_wall02_straight (Instance 4),27157.27,28126.36,8845.38,116,100,2048,0,0,0,0,0,8246,2.033186,0.000000,0.000000,-1.000000,,0,0,0,0,0,0,0
393,402,dw_banner_large_02 (Instance 1),25907.81,29425.34,8556.90,251,100,2048,0,0,0,0,0,7975,1.900001,0.000000,0.000000,1.000000,,0,0,0,0,0,0,0
394,454,dw_Roadwall_Pillar (Instance 15),25903.51,29428.49,8512.00,340,100,2048,0,0,0,0,0,7900,0.350000,0.000000,0.000000,1.000000,,0,0,0,0,0,0,0
395,451,dw_RoadWall_EndI (Instance 3),25927.72,29498.67,8510.00,251,100,2048,0,0,0,0,0,7899,1.900001,0.000000,0.000000,1.000000,,0,0,0,0,0,0,0
396,451,dw_RoadWall_EndI (Instance 2),25963.92,29608.49,8510.00,71,100,2048,0,0,0,0,0,7898,1.246657,0.000000,0.000000,-1.000000,,0,0,0,0,0,0,0
397,402,dw_banner_large_02 (Instance 0),25760.87,28819.48,8528.86,277,100,2048,0,0,0,0,0,7974,1.450000,0.000000,0.000000,1.000000,,0,0,0,0,0,0,0
398,454,dw_Roadwall_Pillar (Instance 16),25754.53,28816.19,8484.73,263,100,2048,0,0,0,0,0,7907,1.700001,0.000000,0.000000,1.000000,,0,0,0,0,0,0,0
399,451,dw_RoadWall_EndI (Instance 4),25746.59,28743.64,8481.88,263,100,2048,0,0,0,0,0,7902,1.700001,0.000000,0.000000,1.000000,,0,0,0,0,0,0,0
400,452,dw_RoadWall_EndO (Instance 1),25731.69,28628.97,8481.88,263,100,2048,0,0,0,0,0,7901,1.700001,0.000000,0.000000,1.000000,,0,0,0,0,0,0,0
401,464,dw_wall02_straight (Instance 5),27082.11,29444.06,8833.61,271,100,2048,0,0,0,0,0,8247,1.550001,0.000000,0.000000,1.000000,,0,0,0,0,0,0,0
402,480,ge_rock009 (Instance 4),30910.25,25033.53,8710.15,0,100,2048,0,0,0,0,0,8249,0.550000,0.000000,-1.000000,0.000000,Name3,0,0,0,0,0,0,0
403,482,ge_rock011 (Instance 1),30667.26,25218.13,8602.49,0,100,2048,0,0,0,0,0,8250,0.400000,0.000000,-1.000000,0.000000,Name3,0,0,0,0,0,0,0
404,502,or_bush01_var02 (Instance 36),30772.89,25133.88,8643.47,88,100,2048,0,0,0,0,0,8251,1.547475,-0.131174,-0.172008,-0.976323,,0,0,0,0,0,0,0
405,500,or_bush01_var00 (Instance 8),30925.13,25339.48,8723.84,227,100,2048,0,0,0,0,0,8252,2.328800,0.000000,0.000000,1.000000,,0,0,0,0,0,0,0
406,541,or_tree_pine01_var04 (Instance 6),27401.68,28158.72,8704.42,358,100,2048,0,0,0,0,0,8254,0.026268,0.000000,0.000000,1.000000,,0,0,0,0,0,0,0
407,474,ge_rock003 (Instance 6),28062.74,28488.36,8825.80,358,100,2048,0,0,0,0,0,8255,0.316109,-0.948246,-0.313970,0.047452,Name3,0,0,0,0,0,0,0
408,478,ge_rock007 (Instance 8),27403.82,28363.51,8691.82,0,100,2048,0,0,0,0,0,8256,0.000000,1.000000,0.000000,0.000000,Name3,0,0,0,0,0,0,0
409,500,or_bush01_var00 (Instance 9),27337.60,28269.67,8698.49,338,100,2048,0,0,0,0,0,8257,0.378521,0.000000,0.000000,1.000000,,0,0,0,0,0,0,0
410,502,or_bush01_var02 (Instance 37),27483.81,28273.77,8721.86,311,100,2048,0,0,0,0,0,8258,0.852728,0.000000,0.000000,1.000000,,0,0,0,0,0,0,0
411,462,dw_tent01 (Instance 9),29544.43,29474.23,8837.00,214,100,2048,0,0,0,0,0,8259,2.550000,0.000000,0.000000,1.000000,,0,0,0,0,0,0,0
412,462,dw_tent01 (Instance 10),29431.86,29369.90,8837.00,248,100,2048,0,0,0,0,0,8260,1.950000,0.000000,0.000000,1.000000,,0,0,0,0,0,0,0
413,462,dw_tent01 (Instance 11),30523.22,28073.15,8828.00,86,100,2048,0,0,0,0,0,8262,1.500001,0.000000,0.000000,-1.000000,,0,0,0,0,0,0,0
414,462,dw_tent01 (Instance 12),30424.32,28248.92,8828.31,117,100,2048,0,0,0,0,0,8263,2.049029,-0.030288,-0.050082,-0.998286,,0,0,0,0,0,0,0
415,502,or_bush01_var02 (Instance 38),28144.76,28416.07,8841.93,335,69,2048,0,0,0,0,0,8265,0.436333,0.000000,0.000000,1.000000,Name1,0,0,0,0,0,0,0
416,500,or_bush01_var00 (Instance 10),28013.69,29178.40,8789.57,125,56,2048,0,0,0,0,0,8266,2.198019,0.099703,-0.051192,-0.993699,,0,0,0,0,0,0,0
417,410,dw_banner_thin_01 (Instance 0),32213.65,26979.86,9463.19,122,100,2048,0,0,0,0,0,8267,2.133185,0.000000,0.000000,-1.000000,,0,0,0,0,0,0,0
418,411,dw_banner_thin_02 (Instance 0),31936.44,27417.82,9478.51,114,100,2048,0,0,0,0,0,8268,1.983185,0.000000,0.000000,-1.000000,,0,0,0,0,0,0,0
419,412,dw_banner_thin_03 (Instance 1),31767.53,28043.33,9513.09,76,100,2048,0,0,0,0,0,8269,1.333185,0.000000,0.000000,-1.000000,,0,0,0,0,0,0,0
420,408,dw_banner_medium_02 (Instance 0),29409.49,29593.71,8840.00,191,65,2048,0,0,0,0,0,8270,2.949607,0.000000,0.000000,1.000000,Name1,0,0,0,0,0,0,0
421,403,dw_banner_large_03 (Instance 0),28744.05,27075.57,8854.91,308,100,2048,0,0,0,0,0,8271,0.900000,0.000000,0.000000,1.000000,,0,0,0,0,0,0,0
422,477,ge_rock006 (Instance 4),29816.24,25649.13,8686.22,0,100,2048,0,0,0,0,0,8272,0.000000,1.000000,0.000000,0.000000,Name3,0,0,0,0,0,0,0
423,476,ge_rock005 (Instance 8),29851.80,25453.89,8648.00,0,100,2048,0,0,0,0,0,8273,0.000000,1.000000,0.000000,0.000000,Name3,0,0,0,0,0,0,0
424,482,ge_rock011 (Instance 2),29675.32,26609.94,8790.93,0,100,2048,0,0,0,0,0,8274,0.200000,0.000000,1.000000,0.000000,Name3,0,0,0,0,0,0,0
425,480,ge_rock009 (Instance 5),29586.39,26699.34,8762.99,0,100,2048,0,0,0,0,0,8275,0.350000,0.000000,1.000000,0.000000,Name3,0,0,0,0,0,0,0
426,501,or_bush01_var01 (Instance 13),29600.29,26587.73,8805.88,303,65,2048,0,0,0,0,0,8276,0.994838,0.000000,0.000000,1.000000,Name1,0,0,0,0,0,0,0
427,502,or_bush01_var02 (Instance 39),29732.18,26697.48,8761.14,161,60,2048,0,0,0,0,0,8277,2.809980,0.000000,0.000000,-1.000000,Name1,0,0,0,0,0,0,0
428,501,or_bush01_var01 (Instance 14),29727.38,25581.61,8696.60,313,100,2048,0,0,0,0,0,8278,0.813418,0.000000,0.000000,1.000000,,0,0,0,0,0,0,0
429,500,or_bush01_var00 (Instance 11),29910.05,25594.38,8661.44,331,67,2048,0,0,0,0,0,8279,0.504503,0.000000,0.000000,1.000000,,0,0,0,0,0,0,0
430,411,dw_banner_thin_02 (Instance 1),29489.06,26750.41,8819.93,331,100,2048,0,0,0,0,0,8280,0.500000,0.000000,0.000000,1.000000,,0,0,0,0,0,0,0
431,540,or_tree_pine01_var03 (Instance 8),28080.22,29368.64,8805.52,49,100,2048,0,0,0,0,0,8281,0.859921,0.000000,0.000000,-1.000000,,0,0,0,0,0,0,0
432,415,dw_cannon01_destroyed (Instance 6),28499.55,29983.98,8846.19,359,100,2048,0,0,0,0,0,8282,0.223532,0.893979,0.445870,0.044736,,0,0,0,0,0,0,0
433,415,dw_cannon01_destroyed (Instance 7),28311.93,29741.29,8834.00,106,100,2048,0,0,0,0,0,8283,1.850001,0.000000,0.000000,-1.000000,,0,0,0,0,0,0,0
434,437,dw_OrganGun_prop (Instance 0),31616.69,26051.99,9115.05,0,100,2048,0,0,0,0,0,8284,0.000000,1.000000,0.000000,0.000000,,0,0,0,0,0,0,0
435,437,dw_OrganGun_prop (Instance 1),31222.74,25677.34,9115.05,90,100,2048,0,0,0,0,0,8285,1.570796,0.000000,0.000000,-1.000000,Name1,0,0,0,0,0,0,0
436,484,go_lobber02_prop (Instance 2),32073.73,36185.05,8829.00,157,100,2048,0,0,0,0,0,8288,2.733189,0.000000,0.000000,-1.000000,,0,0,0,0,0,0,0
437,537,or_tree_pine01_var00 (Instance 2),28405.48,35356.75,8691.59,92,96,60,0,0,0,0,0,8290,1.605743,0.000000,0.000000,-1.000000,,0,0,0,0,0,0,0
438,511,or_cliff_plat11 (Instance 0),29236.34,35106.52,9006.77,244,100,2048,0,0,0,0,0,8293,2.033185,0.000000,0.000000,1.000000,,0,0,0,0,0,0,0
439,509,or_cliff_plat01 (Instance 0),28870.03,34650.90,9099.94,64,100,2048,0,0,0,0,0,8294,1.125671,-0.122177,0.199166,-0.972320,Name1,0,0,0,0,0,0,0
440,510,or_cliff_plat07 (Instance 0),28824.80,33957.81,9096.54,335,100,2048,0,0,0,0,0,8296,0.433196,0.000000,0.000000,1.000000,,0,0,0,0,0,0,0
441,415,dw_cannon01_destroyed (Instance 7),29054.79,33270.00,9299.90,254,100,2048,0,0,0,0,0,8297,1.850000,0.000000,0.000000,1.000000,,0,0,0,0,0,0,0
442,415,dw_cannon01_destroyed (Instance 8),29059.17,32771.41,9437.73,291,100,2048,0,0,0,0,0,8298,1.200000,0.000000,0.000000,1.000000,,0,0,0,0,0,0,0
443,537,or_tree_pine01_var00 (Instance 2),29301.16,35887.00,9044.55,193,57,60,0,0,0,0,0,8299,2.910044,0.000000,0.000000,1.000000,,0,0,0,0,0,0,0
444,459,dw_statue02_ruined (Instance 0),28590.17,33570.44,9729.54,306,100,2048,0,0,0,0,0,8300,0.979909,-0.235605,0.121165,0.964266,,0,0,0,0,0,0,0
445,459,dw_statue02_ruined (Instance 1),30695.54,36129.99,9208.43,211,100,2048,0,0,0,0,0,8301,2.600000,0.000000,0.000000,1.000000,,0,0,0,0,0,0,0
446,489,or_banner04 (Instance 1),31269.81,35049.83,8971.32,254,100,2048,0,0,0,0,0,8303,1.850000,0.000000,0.000000,1.000000,,0,0,0,0,0,0,0
447,519,or_pile_trash01 (Instance 4),30353.62,35676.40,8903.37,0,100,2048,0,0,0,0,0,8304,0.150000,0.000000,1.000000,0.000000,,0,0,0,0,0,0,0
448,520,or_pile_trash02 (Instance 2),30894.25,36294.21,8861.15,0,100,2048,0,0,0,0,0,8305,0.000000,1.000000,0.000000,0.000000,,0,0,0,0,0,0,0
449,506,or_cage01 (Instance 5),30561.58,36002.99,8846.63,48,65,2048,0,0,0,0,0,8306,0.880564,-0.279209,0.195002,-0.940221,Name1,0,0,0,0,0,0,0
450,515,or_dwarfpike02 (Instance 1),30472.57,36029.22,8863.19,251,100,2048,0,0,0,0,0,8307,1.900000,0.000000,0.000000,1.000000,,0,0,0,0,0,0,0
451,515,or_dwarfpike02 (Instance 2),30133.99,35471.83,8924.48,225,100,2048,0,0,0,0,0,8308,2.350000,0.000000,0.000000,1.000000,,0,0,0,0,0,0,0
452,516,or_dwarfpike03 (Instance 1),30048.58,35547.26,8955.26,177,100,2048,0,0,0,0,0,8309,3.083185,0.000000,0.000000,-1.000000,,0,0,0,0,0,0,0
453,525,or_prop_chest02 (Instance 1),30648.79,35962.44,8847.00,205,100,2048,0,0,0,0,0,8310,2.700000,0.000000,0.000000,1.000000,,0,0,0,0,0,0,0
454,528,or_prop_logpile01 (Instance 1),31506.04,36311.55,8869.87,20,100,2048,0,0,0,0,0,8311,0.350000,0.000000,0.000000,-1.000000,,0,0,0,0,0,0,0
455,536,or_tree_pine01_stump02 (Instance 1),31377.81,35839.00,8866.99,201,54,2048,0,0,0,0,0,8316,2.767769,0.000000,0.000000,1.000000,,0,0,0,0,0,0,0
456,522,or_prop_barrel02 (Instance 3),31378.97,36253.63,8861.19,0,100,2048,0,0,0,0,0,8317,0.000000,1.000000,0.000000,0.000000,,0,0,0,0,0,0,0
457,477,ge_rock006 (Instance 5),32169.91,36519.60,8869.00,0,100,2048,0,0,0,0,0,8318,0.000000,1.000000,0.000000,0.000000,Name3,0,0,0,0,0,0,0
458,478,ge_rock007 (Instance 8),32234.35,36581.62,8844.70,0,100,2048,0,0,0,0,0,8319,0.000000,1.000000,0.000000,0.000000,Name3,0,0,0,0,0,0,0
459,477,ge_rock006 (Instance 6),32128.68,36601.83,8875.65,0,100,2048,0,0,0,0,0,8320,0.000000,1.000000,0.000000,0.000000,Name3,0,0,0,0,0,0,0
460,482,ge_rock011 (Instance 3),32262.55,36481.29,8865.74,0,100,2048,0,0,0,0,0,8321,0.000000,1.000000,0.000000,0.000000,Name3,0,0,0,0,0,0,0
461,429,dw_dead05 (Instance 0),29652.22,35684.07,8997.47,189,100,2048,0,0,0,0,0,8323,2.983186,0.000000,0.000000,1.000000,,0,0,0,0,0,0,0
462,428,dw_dead04 (Instance 2),29525.88,35586.89,9018.17,258,100,2048,0,0,0,0,0,8324,1.813685,-0.205330,0.158693,0.965741,,0,0,0,0,0,0,0
463,428,dw_dead04 (Instance 3),29738.42,35389.88,9005.93,360,100,2048,0,0,0,0,0,8325,0.269161,-0.369587,0.928035,0.046440,,0,0,0,0,0,0,0
464,427,dw_dead03 (Instance 0),29847.66,35540.93,8978.43,216,100,2048,0,0,0,0,0,8326,2.540232,-0.149274,-0.046864,0.987685,,0,0,0,0,0,0,0
465,492,or_barrier01 (Instance 11),29566.63,35908.91,9008.79,26,100,2048,0,0,0,0,0,8327,0.450000,0.000000,0.000000,-1.000000,,0,0,0,0,0,0,0
466,492,or_barrier01 (Instance 12),29527.08,35708.39,9013.12,49,100,2048,0,0,0,0,0,8328,0.850000,0.000000,0.000000,-1.000000,,0,0,0,0,0,0,0
467,492,or_barrier01 (Instance 13),29414.16,35523.44,9046.03,66,100,2048,0,0,0,0,0,8329,1.165328,-0.098669,0.152257,-0.983403,,0,0,0,0,0,0,0
468,492,or_barrier01 (Instance 14),29746.00,35653.12,8985.75,334,100,2048,0,0,0,0,0,8330,0.450000,0.000000,0.000000,1.000000,,0,0,0,0,0,0,0
469,492,or_barrier01 (Instance 15),29741.94,35877.85,9023.42,303,100,2048,0,0,0,0,0,8331,1.000000,0.000000,0.000000,1.000000,,0,0,0,0,0,0,0
470,490,or_banner05 (Instance 2),29952.70,34609.46,9058.98,137,100,2048,0,0,0,0,0,8332,2.383185,0.000000,0.000000,-1.000000,,0,0,0,0,0,0,0
471,536,or_tree_pine01_stump02 (Instance 2),34413.58,31339.54,8712.87,334,100,2048,0,0,0,0,0,8333,0.454839,0.000000,0.000000,1.000000,,0,0,0,0,0,0,0
472,512,or_deadorc01 (Instance 0),35150.57,31325.38,8524.34,0,100,2048,0,0,0,0,0,8335,0.000000,1.000000,0.000000,0.000000,,0,0,0,0,0,0,0
473,513,or_deadorc02 (Instance 0),35135.16,31263.14,8549.24,0,100,2048,0,0,0,0,0,8336,0.000000,1.000000,0.000000,0.000000,,0,0,0,0,0,0,0
474,514,or_deadorc03 (Instance 0),35192.87,31432.78,8555.50,72,100,2048,0,0,0,0,0,8337,1.822606,0.575351,-0.814325,0.076464,,0,0,0,0,0,0,0
475,512,or_deadorc01 (Instance 1),35023.91,31374.14,8582.06,0,100,2048,0,0,0,0,0,8338,0.700000,0.000000,1.000000,0.000000,,0,0,0,0,0,0,0
476,512,or_deadorc01 (Instance 2),35245.46,31306.81,8553.72,0,100,2048,0,0,0,0,0,8339,0.750000,0.000000,-1.000000,0.000000,,0,0,0,0,0,0,0
477,483,go_lobber01_destroyed (Instance 2),32308.08,34190.52,8416.64,2,100,2048,0,0,0,0,0,8340,0.316109,-0.948246,0.313970,-0.047452,,0,0,0,0,0,0,0
478,468,ge_invisiblewall01.nif (Instance 5),27255.71,28071.44,8891.45,116,100,2048,0,0,0,0,0,8344,2.020796,0.000000,0.000000,-1.000000,Name1,0,0,0,0,0,0,0
479,468,ge_invisiblewall01.nif (Instance 6),27498.37,27571.38,8891.45,116,100,2048,0,0,0,0,0,8345,2.020796,0.000000,0.000000,-1.000000,Name1,0,0,0,0,0,0,0
480,558,vfx_SMOK_smolderingCampfire_Large (Instance 0),35165.39,31354.17,8532.33,0,294,2048,0,0,0,0,0,8347,0.000000,1.000000,0.000000,0.000000,,0,0,0,0,0,0,0
481,558,vfx_SMOK_smolderingCampfire_Large (Instance 1),32528.39,33012.32,8483.51,0,100,2048,0,0,0,0,0,8348,0.000000,1.000000,0.000000,0.000000,,0,0,0,0,0,0,0
482,541,or_tree_pine01_var04 (Instance 7),33618.90,26024.62,9307.22,21,100,2048,0,0,0,0,0,8349,0.369509,0.000000,0.000000,-1.000000,,0,0,0,0,0,0,0
483,476,ge_rock005 (Instance 8),31701.90,24921.67,9108.91,106,79,2048,0,0,0,0,0,8350,1.869930,-0.228316,-0.287715,-0.930103,Name3,0,0,0,0,0,0,0
484,479,ge_rock008 (Instance 5),32489.84,25653.83,9062.19,0,100,2048,0,0,0,0,0,8351,0.000000,1.000000,0.000000,0.000000,Name3,0,0,0,0,0,0,0
485,477,ge_rock006 (Instance 7),33464.73,25860.05,9256.24,180,100,2048,0,0,0,0,0,8352,3.033186,0.000000,1.000000,0.000000,Name3,0,0,0,0,0,0,0
486,477,ge_rock006 (Instance 8),33682.68,25808.40,9335.00,0,100,2048,0,0,0,0,0,8353,0.000000,1.000000,0.000000,0.000000,Name3,0,0,0,0,0,0,0
487,480,ge_rock009 (Instance 6),33773.66,26294.27,9414.18,0,100,2048,0,0,0,0,0,8354,0.000000,1.000000,0.000000,0.000000,Name3,0,0,0,0,0,0,0
488,423,dw_crate_ammo04 (Instance 4),30815.45,27476.99,8814.24,0,100,2048,0,0,0,0,0,8355,0.000000,1.000000,0.000000,0.000000,,0,0,0,0,0,0,0
489,424,dw_crate_ammo05 (Instance 5),30815.87,27469.09,8843.75,0,100,2048,0,0,0,0,0,8356,0.000000,1.000000,0.000000,0.000000,Name1,0,0,0,0,0,0,0
490,425,dw_crate_ammo06 (Instance 5),30647.39,28216.87,8839.00,0,100,2048,0,0,0,0,0,8357,0.000000,1.000000,0.000000,0.000000,,0,0,0,0,0,0,0
491,423,dw_crate_ammo04 (Instance 5),30576.01,28227.79,8840.00,254,100,2048,0,0,0,0,0,8358,1.850000,0.000000,0.000000,1.000000,,0,0,0,0,0,0,0
492,416,dw_cannon01_prop (Instance 6),31654.26,30303.81,10120.12,334,100,2048,0,0,0,0,0,8359,0.450000,0.000000,0.000000,1.000000,,0,0,0,0,0,0,0
493,469,ge_jump01 (Instance 21),27559.19,36577.77,8811.06,195,100,2048,0,0,0,0,0,8360,2.876404,0.000000,0.000000,1.000000,Name1,0,0,0,0,0,0,0
494,558,vfx_SMOK_smolderingCampfire_Large (Instance 2),30424.36,35294.01,8841.50,0,100,2048,0,0,0,0,0,8363,0.000000,1.000000,0.000000,0.000000,,0,0,0,0,0,0,0
495,463,dw_tower01 (Instance 1),32816.56,20664.17,10166.72,69,133,2048,0,0,0,0,0,8364,1.200000,0.000000,0.000000,-1.000000,,0,0,0,0,0,0,0
496,414,dw_barricade_hall_wide (Instance 0),27854.68,26516.15,10403.66,331,51,2048,0,0,0,0,0,8365,0.500000,0.000000,0.000000,1.000000,,0,0,0,0,0,0,0
497,414,dw_barricade_hall_wide (Instance 1),27196.73,26481.21,10439.09,23,51,2048,0,0,0,0,0,8366,0.400000,0.000000,0.000000,-1.000000,,0,0,0,0,0,0,0
498,414,dw_barricade_hall_wide (Instance 2),28090.53,25961.24,10411.57,265,51,2048,0,0,0,0,0,8367,1.650000,0.000000,0.000000,1.000000,,0,0,0,0,0,0,0
499,414,dw_barricade_hall_wide (Instance 3),27771.76,25429.48,10419.47,214,51,2048,0,0,0,0,0,8368,2.550000,0.000000,0.000000,1.000000,,0,0,0,0,0,0,0
500,404,dw_banner_large_03_ruined (Instance 0),29683.31,31271.21,10176.55,337,65,2048,0,0,0,0,0,8369,0.401426,0.000000,0.000000,1.000000,Name1,0,0,0,0,0,0,0
501,406,dw_banner_large_04_ruined (Instance 0),29415.92,31406.89,10176.55,334,65,2048,0,0,0,0,0,8370,0.450000,0.000000,0.000000,1.000000,Name1,0,0,0,0,0,0,0
502,413,dw_banner_thin_03_falllen (Instance 1),29891.01,31118.16,10180.55,100,65,2048,0,0,0,0,0,8371,1.745329,0.000000,0.000000,-1.000000,Name1,0,0,0,0,0,0,0
503,407,dw_banner_medium_01 (Instance 0),31798.89,30242.47,10176.55,334,65,2048,0,0,0,0,0,8372,0.450000,0.000000,0.000000,1.000000,Name1,0,0,0,0,0,0,0
504,409,dw_banner_medium_03 (Instance 0),32076.87,30102.63,10176.55,334,65,2048,0,0,0,0,0,8373,0.450000,0.000000,0.000000,1.000000,Name1,0,0,0,0,0,0,0
505,402,dw_banner_large_02 (Instance 3),31651.35,29264.46,10176.55,152,65,2048,0,0,0,0,0,8374,2.650000,0.000000,0.000000,-1.000000,Name1,0,0,0,0,0,0,0
506,401,dw_banner_large_01 (Instance 0),31384.12,29396.67,10176.55,155,65,2048,0,0,0,0,0,8375,2.700000,0.000000,0.000000,-1.000000,Name1,0,0,0,0,0,0,0
507,410,dw_banner_thin_01 (Instance 1),31104.67,29526.80,10176.55,155,65,2048,0,0,0,0,0,8376,2.700000,0.000000,0.000000,-1.000000,Name1,0,0,0,0,0,0,0
508,411,dw_banner_thin_02 (Instance 2),29547.83,30279.05,10176.55,155,65,2048,0,0,0,0,0,8377,2.700000,0.000000,0.000000,-1.000000,Name1,0,0,0,0,0,0,0
509,407,dw_banner_medium_01 (Instance 1),29266.71,30423.50,10176.55,155,65,2048,0,0,0,0,0,8378,2.700000,0.000000,0.000000,-1.000000,Name1,0,0,0,0,0,0,0
510,405,dw_banner_large_04 (Instance 1),28996.86,30556.12,10176.55,152,65,2048,0,0,0,0,0,8379,2.650001,0.000000,0.000000,-1.000000,Name1,0,0,0,0,0,0,0
511,435,dw_mortar (Instance 0),32705.32,29509.12,10494.34,245,350,2048,0,0,0,0,0,8380,2.007129,0.000000,0.000000,1.000000,Name1,0,0,0,0,0,0,0
512,436,dw_mortar_angle60 (Instance 0),28559.26,31581.32,10491.09,243,350,2048,0,0,0,0,0,8381,2.050000,0.000000,0.000000,1.000000,Name1,0,0,0,0,0,0,0
513,507,or_cage01_hanging (Instance 0),29333.06,35693.21,9403.80,0,65,2048,0,0,0,0,0,8382,0.000000,1.000000,0.000000,0.000000,Name1,0,0,0,0,0,0,0
514,507,or_cage01_hanging (Instance 1),29381.09,35907.56,9431.13,0,65,2048,0,0,0,0,0,8383,0.000000,1.000000,0.000000,0.000000,Name1,0,0,0,0,0,0,0
515,508,or_cage02_hanging (Instance 0),28512.98,35625.26,9474.12,0,100,2048,0,0,0,0,0,8384,0.000000,1.000000,0.000000,0.000000,,0,0,0,0,0,0,0
516,507,or_cage01_hanging (Instance 2),28421.46,34969.78,9341.86,0,85,2048,0,0,0,0,0,8385,0.000000,1.000000,0.000000,0.000000,Name1,0,0,0,0,0,0,0
517,507,or_cage01_hanging (Instance 3),28415.30,35127.79,9344.83,0,65,2048,0,0,0,0,0,8386,0.000000,1.000000,0.000000,0.000000,Name1,0,0,0,0,0,0,0
518,507,or_cage01_hanging (Instance 4),28223.01,35396.99,9315.80,0,100,2048,0,0,0,0,0,8387,0.000000,1.000000,0.000000,0.000000,,0,0,0,0,0,0,0
519,469,ge_jump01 (Instance 24),33958.64,38215.77,7835.58,348,125,2048,0,0,0,0,0,8390,0.206145,0.000000,0.000000,1.000000,Name1,0,0,0,0,0,0,0
520,469,ge_jump01 (Instance 25),35526.15,37405.57,7835.75,331,100,2048,0,0,0,0,0,8393,0.506145,0.000000,0.000000,1.000000,Name1,0,0,0,0,0,0,0
521,495,or_boulder02 (Instance 3),37648.50,31758.15,8520.81,108,100,2048,0,0,0,0,0,8394,1.883185,0.000000,0.000000,-1.000000,Name3,0,0,0,0,0,0,0
522,463,dw_tower01 (Instance 1),27580.79,26098.50,10521.82,332,53,2048,0,0,0,0,0,8408,0.483185,0.000000,0.000000,1.000000,Name1,0,0,0,0,0,0,0
523,461,dw_statue03_ruined (Instance 0),33226.11,30458.00,9630.00,14,100,2048,0,0,0,0,0,8412,0.244346,0.000000,0.000000,-1.000000,Name2,0,0,0,0,0,0,0
524,562,or_bonfire02 (Instance 0),30955.18,35436.80,8851.16,0,100,2048,0,0,0,0,0,8444,0.000000,1.000000,0.000000,0.000000,,0,0,0,0,0,0,0
525,565,vfx_amb_warbossfire (Instance 0),30951.22,35427.04,8850.99,0,100,2048,0,0,0,0,0,8445,0.000000,1.000000,0.000000,0.000000,,0,0,0,0,0,0,0
526,553,vfx_pyro_fire_xl (Instance 0),32312.54,34218.85,8398.22,0,80,2048,0,0,0,0,0,8446,0.000000,1.000000,0.000000,0.000000,,0,0,0,0,0,0,0
527,553,vfx_pyro_fire_xl (Instance 3),32850.63,35412.78,8607.79,0,75,2048,0,0,0,0,0,8449,0.000000,1.000000,0.000000,0.000000,,0,0,0,0,0,0,0
528,561,or_bonfire01 (Instance 0),35052.21,39723.05,7736.00,0,125,2048,0,0,0,0,0,8450,0.000000,1.000000,0.000000,0.000000,Name1,0,0,0,0,0,0,0
529,565,vfx_amb_warbossfire (Instance 1),35055.30,39711.38,7732.48,0,100,2048,0,0,0,0,0,8451,0.000000,1.000000,0.000000,0.000000,,0,0,0,0,0,0,0
530,559,or_pile_dung01 (Instance 0),29477.91,35011.00,9083.23,80,75,2048,0,0,0,0,0,8452,1.396263,0.000000,0.000000,-1.000000,Name1,0,0,0,0,0,0,0
531,533,or_torch01 (Instance 5),29461.70,35013.98,9100.55,159,100,2048,0,0,0,0,0,8453,2.782791,-0.174019,-0.032064,-0.984220,,0,0,0,0,0,0,0
532,534,or_torch02 (Instance 1),29471.11,35047.31,9116.27,279,100,2048,0,0,0,0,0,8454,1.426086,-0.149985,-0.206998,0.966776,,0,0,0,0,0,0,0
533,535,or_torch03 (Instance 1),29483.67,35021.97,9129.35,254,100,2048,0,0,0,0,0,8455,1.865737,-0.099557,0.074381,0.992248,,0,0,0,0,0,0,0
534,551,vfx_pyro_fire_large (Instance 0),29424.75,35008.89,9197.28,0,100,2048,0,0,0,0,0,8456,0.000000,1.000000,0.000000,0.000000,,0,0,0,0,0,0,0
535,551,vfx_pyro_fire_large (Instance 1),29494.11,35020.20,9187.26,0,100,2048,0,0,0,0,0,8457,0.000000,1.000000,0.000000,0.000000,,0,0,0,0,0,0,0
536,551,vfx_pyro_fire_large (Instance 2),29470.13,35069.24,9171.34,0,100,2048,0,0,0,0,0,8458,0.000000,1.000000,0.000000,0.000000,,0,0,0,0,0,0,0
537,534,or_torch02 (Instance 2),32204.89,36186.09,8836.74,193,100,2048,0,0,0,0,0,8459,2.920456,-0.074927,0.008342,0.997154,,0,0,0,0,0,0,0
538,551,vfx_pyro_fire_large (Instance 3),32215.81,36181.81,8894.53,0,100,2048,0,0,0,0,0,8460,0.000000,1.000000,0.000000,0.000000,,0,0,0,0,0,0,0
539,533,or_torch01 (Instance 3),30017.71,34608.18,9046.55,233,100,2048,0,0,0,0,0,8461,2.217752,-0.074877,0.037408,0.996491,,0,0,0,0,0,0,0
540,551,vfx_pyro_fire_large (Instance 4),30039.24,34607.60,9147.65,0,100,2048,0,0,0,0,0,8462,0.000000,1.000000,0.000000,0.000000,,0,0,0,0,0,0,0
541,551,vfx_pyro_fire_large (Instance 5),34639.27,40516.38,7795.78,0,100,2048,0,0,0,0,0,8463,0.000000,1.000000,0.000000,0.000000,,0,0,0,0,0,0,0
542,551,vfx_pyro_fire_large (Instance 6),34152.65,40054.00,7834.10,0,100,2048,0,0,0,0,0,8464,0.000000,1.000000,0.000000,0.000000,,0,0,0,0,0,0,0
543,560,or_pile_dung02 (Instance 0),28393.90,35320.98,8671.12,43,125,2048,0,0,0,0,0,8465,0.750491,0.000000,0.000000,-1.000000,Name1,0,0,0,0,0,0,0
544,534,or_torch02 (Instance 3),28400.73,35277.77,8725.14,219,100,2048,0,0,0,0,0,8466,2.456683,-0.099770,0.035769,0.994367,,0,0,0,0,0,0,0
545,535,or_torch03 (Instance 1),28365.68,35269.78,8754.45,55,100,2048,0,0,0,0,0,8467,1.000199,0.276586,-0.143608,-0.950198,,0,0,0,0,0,0,0
546,551,vfx_pyro_fire_large (Instance 8),28416.64,35274.45,8781.94,0,100,2048,0,0,0,0,0,8469,0.000000,1.000000,0.000000,0.000000,,0,0,0,0,0,0,0
547,551,vfx_pyro_fire_large (Instance 8),28368.78,35251.16,8810.45,0,100,2048,0,0,0,0,0,8470,0.000000,1.000000,0.000000,0.000000,,0,0,0,0,0,0,0
548,562,or_bonfire02 (Instance 1),34998.29,33435.66,8760.00,0,100,2048,0,0,0,0,0,8471,0.000000,1.000000,0.000000,0.000000,,0,0,0,0,0,0,0
549,565,vfx_amb_warbossfire (Instance 2),34996.98,33423.81,8758.11,0,100,2048,0,0,0,0,0,8472,0.000000,1.000000,0.000000,0.000000,,0,0,0,0,0,0,0
550,551,vfx_pyro_fire_large (Instance 9),33255.23,30526.77,9603.26,0,100,2048,0,0,0,0,0,8473,0.000000,1.000000,0.000000,0.000000,,0,0,0,0,0,0,0
551,551,vfx_pyro_fire_large (Instance 10),33389.27,30381.84,9587.60,0,100,2048,0,0,0,0,0,8474,0.000000,1.000000,0.000000,0.000000,,0,0,0,0,0,0,0
552,551,vfx_pyro_fire_large (Instance 11),33090.35,30423.50,9610.99,0,100,2048,0,0,0,0,0,8475,0.000000,1.000000,0.000000,0.000000,,0,0,0,0,0,0,0
553,552,vfx_pyro_fire_normal (Instance 0),33269.46,30374.43,10028.23,0,125,2048,0,0,0,0,0,8476,0.000000,1.000000,0.000000,0.000000,,0,0,0,0,0,0,0
554,534,or_torch02 (Instance 4),28587.58,33531.78,9945.88,97,100,2048,0,0,0,0,0,8477,1.709094,0.135621,0.298652,-0.944677,,0,0,0,0,0,0,0
555,551,vfx_pyro_fire_large (Instance 12),28612.68,33543.74,9996.56,0,100,2048,0,0,0,0,0,8478,0.000000,1.000000,0.000000,0.000000,,0,0,0,0,0,0,0
556,552,vfx_pyro_fire_normal (Instance 1),31603.51,25853.26,9169.97,0,125,2048,0,0,0,0,0,8479,0.000000,1.000000,0.000000,0.000000,,0,0,0,0,0,0,0
557,552,vfx_pyro_fire_normal (Instance 2),31791.36,25666.18,9169.97,0,125,2048,0,0,0,0,0,8480,0.000000,1.000000,0.000000,0.000000,,0,0,0,0,0,0,0
558,552,vfx_pyro_fire_normal (Instance 3),31604.29,25478.23,9166.97,0,125,2048,0,0,0,0,0,8481,0.000000,1.000000,0.000000,0.000000,,0,0,0,0,0,0,0
559,552,vfx_pyro_fire_normal (Instance 4),31416.02,25665.85,9167.97,0,125,2048,0,0,0,0,0,8482,0.000000,1.000000,0.000000,0.000000,,0,0,0,0,0,0,0
560,454,dw_Roadwall_Pillar (Instance 15),31553.07,26554.59,8830.00,20,100,2048,0,0,0,0,0,8485,0.350000,0.000000,0.000000,-1.000000,,0,0,0,0,0,0,0
561,563,dw_campfire01 (Instance 0),31334.31,26382.79,8808.00,74,100,2048,0,0,0,0,0,8486,1.300000,0.000000,0.000000,-1.000000,,0,0,0,0,0,0,0
562,564,dw_campfire02 (Instance 0),30587.98,27441.45,8837.42,0,75,2048,0,0,0,0,0,8487,0.070706,0.706996,0.706996,-0.017679,Name1,0,0,0,0,0,0,0
563,564,dw_campfire02 (Instance 1),30339.20,28091.81,8828.28,346,100,2048,0,0,0,0,0,8488,0.249999,0.000000,0.000000,1.000000,,0,0,0,0,0,0,0
564,563,dw_campfire01 (Instance 1),29013.71,27244.55,8840.00,280,100,2048,0,0,0,0,0,8489,1.400000,0.000000,0.000000,1.000000,,0,0,0,0,0,0,0
565,564,dw_campfire02 (Instance 2),29601.32,29314.96,8837.49,0,100,2048,0,0,0,0,0,8490,0.070706,0.706996,0.706996,-0.017679,,0,0,0,0,0,0,0
566,564,dw_campfire02 (Instance 3),24813.59,28760.16,8464.00,0,100,2048,0,0,0,0,0,8491,0.000000,1.000000,0.000000,0.000000,,0,0,0,0,0,0,0
567,552,vfx_pyro_fire_normal (Instance 5),28903.95,29496.35,8897.14,0,125,2048,0,0,0,0,0,8492,0.000000,1.000000,0.000000,0.000000,,0,0,0,0,0,0,0
568,552,vfx_pyro_fire_normal (Instance 6),29143.55,29381.33,8894.90,0,125,2048,0,0,0,0,0,8493,0.000000,1.000000,0.000000,0.000000,,0,0,0,0,0,0,0
569,552,vfx_pyro_fire_normal (Instance 7),29258.41,29618.91,8898.90,0,125,2048,0,0,0,0,0,8494,0.000000,1.000000,0.000000,0.000000,,0,0,0,0,0,0,0
570,552,vfx_pyro_fire_normal (Instance 8),29020.53,29735.28,8897.90,0,125,2048,0,0,0,0,0,8495,0.000000,1.000000,0.000000,0.000000,,0,0,0,0,0,0,0
571,552,vfx_pyro_fire_normal (Instance 9),30659.79,28675.60,8900.90,0,125,2048,0,0,0,0,0,8496,0.000000,1.000000,0.000000,0.000000,,0,0,0,0,0,0,0
572,552,vfx_pyro_fire_normal (Instance 10),30771.68,28916.49,8901.90,0,125,2048,0,0,0,0,0,8497,0.000000,1.000000,0.000000,0.000000,,0,0,0,0,0,0,0
573,552,vfx_pyro_fire_normal (Instance 11),30900.63,28564.42,8900.90,0,125,2048,0,0,0,0,0,8498,0.000000,1.000000,0.000000,0.000000,,0,0,0,0,0,0,0
574,552,vfx_pyro_fire_normal (Instance 12),31012.51,28803.96,8898.90,0,125,2048,0,0,0,0,0,8499,0.000000,1.000000,0.000000,0.000000,,0,0,0,0,0,0,0
575,551,vfx_pyro_fire_large (Instance 15),31333.66,26381.79,8805.73,0,100,2048,0,0,0,0,0,8500,0.000000,1.000000,0.000000,0.000000,,0,0,0,0,0,0,0
576,551,vfx_pyro_fire_large (Instance 16),30589.15,27441.43,8833.17,0,75,2048,0,0,0,0,0,8501,0.000000,1.000000,0.000000,0.000000,,0,0,0,0,0,0,0
577,551,vfx_pyro_fire_large (Instance 17),30340.42,28091.87,8826.00,0,100,2048,0,0,0,0,0,8502,0.000000,1.000000,0.000000,0.000000,,0,0,0,0,0,0,0
578,551,vfx_pyro_fire_large (Instance 18),29013.87,27245.73,8837.73,0,100,2048,0,0,0,0,0,8503,0.000000,1.000000,0.000000,0.000000,,0,0,0,0,0,0,0
579,551,vfx_pyro_fire_large (Instance 19),29602.88,29314.93,8835.15,0,100,2048,0,0,0,0,0,8504,0.000000,1.000000,0.000000,0.000000,,0,0,0,0,0,0,0
580,551,vfx_pyro_fire_large (Instance 20),24814.76,28760.51,8461.73,0,100,2048,0,0,0,0,0,8505,0.000000,1.000000,0.000000,0.000000,,0,0,0,0,0,0,0
581,552,vfx_pyro_fire_normal (Instance 13),29367.39,31430.65,9500.10,0,100,2048,0,0,0,0,0,8506,0.000000,1.000000,0.000000,0.000000,,0,0,0,0,0,0,0
582,555,vfx_PYRO_SquarepitFire (Instance 8),28599.59,31273.05,9607.53,0,100,2048,0,0,0,0,0,8507,0.000000,1.000000,0.000000,0.000000,,0,0,0,0,0,0,0
583,552,vfx_pyro_fire_normal (Instance 14),29315.18,30556.16,9938.88,0,100,2048,0,0,0,0,0,8508,0.000000,1.000000,0.000000,0.000000,,0,0,0,0,0,0,0
584,552,vfx_pyro_fire_normal (Instance 15),29604.05,31148.59,9938.65,0,100,2048,0,0,0,0,0,8509,0.000000,1.000000,0.000000,0.000000,,0,0,0,0,0,0,0
585,552,vfx_pyro_fire_normal (Instance 16),28613.00,32025.38,9801.08,0,100,2048,0,0,0,0,0,8510,0.000000,1.000000,0.000000,0.000000,,0,0,0,0,0,0,0
586,552,vfx_pyro_fire_normal (Instance 17),28301.24,31414.46,10004.48,0,100,2048,0,0,0,0,0,8511,0.000000,1.000000,0.000000,0.000000,,0,0,0,0,0,0,0
587,552,vfx_pyro_fire_normal (Instance 18),28014.35,30797.80,9801.19,0,100,2048,0,0,0,0,0,8512,0.000000,1.000000,0.000000,0.000000,,0,0,0,0,0,0,0
588,555,vfx_PYRO_SquarepitFire (Instance 8),28808.42,31769.53,10137.30,0,100,2048,0,0,0,0,0,8513,0.000000,1.000000,0.000000,0.000000,,0,0,0,0,0,0,0
589,555,vfx_PYRO_SquarepitFire (Instance 6),28337.37,30803.52,10137.30,0,100,2048,0,0,0,0,0,8514,0.000000,1.000000,0.000000,0.000000,,0,0,0,0,0,0,0
590,555,vfx_PYRO_SquarepitFire (Instance 7),28318.92,31254.92,10171.80,0,100,2048,0,0,0,0,0,8515,0.000000,1.000000,0.000000,0.000000,,0,0,0,0,0,0,0
591,555,vfx_PYRO_SquarepitFire (Instance 8),28441.39,31507.06,10171.80,0,100,2048,0,0,0,0,0,8516,0.000000,1.000000,0.000000,0.000000,,0,0,0,0,0,0,0
592,552,vfx_pyro_fire_normal (Instance 19),28860.62,30752.65,10283.09,0,100,2048,0,0,0,0,0,8517,0.000000,1.000000,0.000000,0.000000,,0,0,0,0,0,0,0
593,552,vfx_pyro_fire_normal (Instance 20),29168.94,31386.51,10283.09,0,100,2048,0,0,0,0,0,8518,0.000000,1.000000,0.000000,0.000000,,0,0,0,0,0,0,0
594,552,vfx_pyro_fire_normal (Instance 21),31795.37,30246.54,9498.62,0,100,2048,0,0,0,0,0,8519,0.000000,1.000000,0.000000,0.000000,,0,0,0,0,0,0,0
595,552,vfx_pyro_fire_normal (Instance 22),32118.32,30088.60,9498.62,0,100,2048,0,0,0,0,0,8520,0.000000,1.000000,0.000000,0.000000,,0,0,0,0,0,0,0
596,555,vfx_PYRO_SquarepitFire (Instance 9),32467.54,29386.03,9607.53,0,100,2048,0,0,0,0,0,8521,0.000000,1.000000,0.000000,0.000000,,0,0,0,0,0,0,0
597,552,vfx_pyro_fire_normal (Instance 23),31461.56,29508.45,9939.41,0,100,2048,0,0,0,0,0,8522,0.000000,1.000000,0.000000,0.000000,,0,0,0,0,0,0,0
598,552,vfx_pyro_fire_normal (Instance 24),31751.42,30102.64,9939.41,0,100,2048,0,0,0,0,0,8523,0.000000,1.000000,0.000000,0.000000,,0,0,0,0,0,0,0
599,552,vfx_pyro_fire_normal (Instance 25),33051.36,29860.35,9801.19,0,100,2048,0,0,0,0,0,8524,0.000000,1.000000,0.000000,0.000000,,0,0,0,0,0,0,0
600,552,vfx_pyro_fire_normal (Instance 26),32761.98,29241.43,10005.50,0,100,2048,0,0,0,0,0,8525,0.000000,1.000000,0.000000,0.000000,,0,0,0,0,0,0,0
601,555,vfx_PYRO_SquarepitFire (Instance 6),32728.88,29855.31,10137.30,0,100,2048,0,0,0,0,0,8526,0.000000,1.000000,0.000000,0.000000,,0,0,0,0,0,0,0
602,555,vfx_PYRO_SquarepitFire (Instance 7),32627.08,29150.80,10171.80,0,100,2048,0,0,0,0,0,8527,0.000000,1.000000,0.000000,0.000000,,0,0,0,0,0,0,0
603,555,vfx_PYRO_SquarepitFire (Instance 8),32746.14,29404.85,10171.80,0,100,2048,0,0,0,0,0,8528,0.000000,1.000000,0.000000,0.000000,,0,0,0,0,0,0,0
604,555,vfx_PYRO_SquarepitFire (Instance 9),32258.21,28892.62,10137.30,0,100,2048,0,0,0,0,0,8529,0.000000,1.000000,0.000000,0.000000,,0,0,0,0,0,0,0
605,552,vfx_pyro_fire_normal (Instance 27),31896.13,29272.30,10283.09,0,100,2048,0,0,0,0,0,8530,0.000000,1.000000,0.000000,0.000000,,0,0,0,0,0,0,0
606,553,vfx_pyro_fire_xl (Instance 4),32215.81,29763.16,10480.88,0,100,2048,0,0,0,0,0,8531,0.000000,1.000000,0.000000,0.000000,,0,0,0,0,0,0,0
607,552,vfx_pyro_fire_normal (Instance 28),31375.63,29385.21,9498.62,0,100,2048,0,0,0,0,0,8532,0.000000,1.000000,0.000000,0.000000,,0,0,0,0,0,0,0
608,552,vfx_pyro_fire_normal (Instance 29),31698.79,29228.34,9498.62,0,100,2048,0,0,0,0,0,8533,0.000000,1.000000,0.000000,0.000000,,0,0,0,0,0,0,0
609,552,vfx_pyro_fire_normal (Instance 30),32453.05,28633.17,9801.19,0,100,2048,0,0,0,0,0,8534,0.000000,1.000000,0.000000,0.000000,,0,0,0,0,0,0,0
610,552,vfx_pyro_fire_normal (Instance 31),29270.31,30412.21,9498.62,0,100,2048,0,0,0,0,0,8535,0.000000,1.000000,0.000000,0.000000,,0,0,0,0,0,0,0
611,552,vfx_pyro_fire_normal (Instance 32),28946.98,30569.91,9498.62,0,100,2048,0,0,0,0,0,8536,0.000000,1.000000,0.000000,0.000000,,0,0,0,0,0,0,0
612,551,vfx_pyro_fire_large (Instance 21),28846.36,28391.57,8798.56,0,125,2048,0,0,0,0,0,8537,0.000000,1.000000,0.000000,0.000000,,0,0,0,0,0,0,0
613,552,vfx_pyro_fire_normal (Instance 33),31910.74,25571.80,9174.38,0,125,2048,0,0,0,0,0,8538,0.000000,1.000000,0.000000,0.000000,,0,0,0,0,0,0,0
614,552,vfx_pyro_fire_normal (Instance 34),31683.98,25350.36,9174.38,0,125,2048,0,0,0,0,0,8539,0.000000,1.000000,0.000000,0.000000,,0,0,0,0,0,0,0
615,566,dw_brazier_wall01 (Instance 0),27610.03,26343.16,10612.79,331,75,2048,0,0,0,0,0,8540,0.506145,0.000000,0.000000,1.000000,Name1,0,0,0,0,0,0,0
616,566,dw_brazier_wall01 (Instance 1),27764.95,26261.88,10612.79,331,75,2048,0,0,0,0,0,8541,0.506145,0.000000,0.000000,1.000000,Name1,0,0,0,0,0,0,0
617,552,vfx_pyro_fire_normal (Instance 35),27771.26,26272.87,10621.86,0,100,2048,0,0,0,0,0,8542,0.000000,1.000000,0.000000,0.000000,,0,0,0,0,0,0,0
618,552,vfx_pyro_fire_normal (Instance 36),27616.65,26354.13,10621.86,0,100,2048,0,0,0,0,0,8543,0.000000,1.000000,0.000000,0.000000,,0,0,0,0,0,0,0
619,572,or_pallisade06 (Instance 0),37275.53,31617.74,8991.16,69,65,2048,0,0,0,0,0,8544,1.200000,0.000000,0.000000,-1.000000,,0,0,0,0,0,0,0
620,468,ge_invisiblewall01.nif (Instance 7),36257.81,34171.45,8845.03,289,150,2048,0,0,0,0,0,7986,1.242477,0.000000,0.000000,1.000000,Name1,0,0,0,0,0,0,0
621,468,ge_invisiblewall01.nif (Instance 8),36695.55,33491.00,8845.03,317,150,2048,0,0,0,0,0,8001,0.755703,0.000000,0.000000,1.000000,Name1,0,0,0,0,0,0,0
622,567,or_pallisade01 (Instance 0),34437.33,37733.27,7919.10,268,100,2048,0,0,0,0,0,8545,1.600000,0.000000,0.000000,1.000000,,0,0,0,0,0,0,0
623,567,or_pallisade01 (Instance 1),35095.62,37513.37,7919.10,48,100,2048,0,0,0,0,0,8546,0.833185,0.000000,0.000000,-1.000000,,0,0,0,0,0,0,0
624,567,or_pallisade01 (Instance 2),35403.59,37257.96,7887.10,53,100,2048,0,0,0,0,0,8547,0.933185,0.000000,0.000000,-1.000000,,0,0,0,0,0,0,0
625,468,ge_invisiblewall01.nif (Instance 9),34392.90,37695.96,7951.29,0,100,2048,0,0,0,0,0,8548,0.000000,1.000000,0.000000,0.000000,Name1,0,0,0,0,0,0,0
626,468,ge_invisiblewall01.nif (Instance 10),35147.59,37431.00,7951.29,320,100,2048,0,0,0,0,0,8549,0.700000,0.000000,0.000000,1.000000,Name1,0,0,0,0,0,0,0
627,468,ge_invisiblewall01.nif (Instance 11),35572.67,37072.96,7951.29,320,100,2048,0,0,0,0,0,8550,0.700000,0.000000,0.000000,1.000000,Name1,0,0,0,0,0,0,0
628,468,ge_invisiblewall01.nif (Instance 12),33837.13,37695.96,7951.29,0,100,2048,0,0,0,0,0,8551,0.000000,1.000000,0.000000,0.000000,Name1,0,0,0,0,0,0,0
629,468,ge_invisiblewall01.nif (Instance 13),27174.98,36419.47,8895.85,26,100,2048,0,0,0,0,0,8552,0.450000,0.000000,0.000000,-1.000000,Name1,0,0,0,0,0,0,0
630,468,ge_invisiblewall01.nif (Instance 14),27962.48,36545.45,8895.85,346,100,2048,0,0,0,0,0,8553,0.250000,0.000000,0.000000,1.000000,Name1,0,0,0,0,0,0,0
631,567,or_pallisade01 (Instance 3),27258.43,36497.34,8851.90,303,82,2048,0,0,0,0,0,8554,1.000000,0.000000,0.000000,1.000000,,0,0,0,0,0,0,0
632,567,or_pallisade01 (Instance 4),27866.30,36609.76,8861.48,80,82,2048,0,0,0,0,0,8555,1.400000,0.000000,0.000000,-1.000000,,0,0,0,0,0,0,0
633,469,ge_jump01 (Instance 25),37296.38,32522.76,8676.54,112,100,2048,0,0,0,0,0,8397,1.950000,0.000000,0.000000,-1.000000,,0,0,0,0,0,0,0
634,567,or_pallisade01 (Instance 5),37454.34,32208.76,8670.87,17,100,2048,0,0,0,0,0,8556,0.300000,0.000000,0.000000,-1.000000,,0,0,0,0,0,0,0
635,567,or_pallisade01 (Instance 6),37159.58,32842.15,8670.87,217,100,2048,0,0,0,0,0,8557,2.500000,0.000000,0.000000,1.000000,,0,0,0,0,0,0,0
636,468,ge_invisiblewall01.nif (Instance 15),37397.87,32120.29,8761.33,100,100,2048,0,0,0,0,0,8558,1.751917,0.000000,0.000000,-1.000000,Name1,0,0,0,0,0,0,0
637,468,ge_invisiblewall01.nif (Instance 16),37059.43,32858.66,8761.33,132,100,2048,0,0,0,0,0,8559,2.301917,0.000000,0.000000,-1.000000,Name1,0,0,0,0,0,0,0
638,468,ge_invisiblewall01.nif (Instance 17),36796.77,33332.50,8761.33,106,100,2048,0,0,0,0,0,8560,1.851917,0.000000,0.000000,-1.000000,Name1,0,0,0,0,0,0,0
639,469,ge_jump01 (Instance 23),27056.56,28748.88,8638.12,271,100,2048,0,0,0,0,0,8243,1.550001,0.000000,0.000000,1.000000,,0,0,0,0,0,0,0
640,468,ge_invisiblewall01.nif (Instance 18),27065.22,28332.19,8722.91,271,100,2048,0,0,0,0,0,8561,1.550004,0.000000,0.000000,1.000000,Name1,0,0,0,0,0,0,0
641,468,ge_invisiblewall01.nif (Instance 19),27047.89,29165.68,8722.91,271,100,2048,0,0,0,0,0,8562,1.550004,0.000000,0.000000,1.000000,Name1,0,0,0,0,0,0,0
642,447,dw_roadwall_barrier01 (Instance 10),27023.18,29060.27,8675.39,271,100,2048,0,0,0,0,0,8566,1.550001,0.000000,0.000000,1.000000,,0,0,0,0,0,0,0
643,448,dw_roadwall_barrier01_chain (Instance 5),27027.39,28988.26,8675.39,271,100,2048,0,0,0,0,0,8567,1.550003,0.000000,0.000000,1.000000,,0,0,0,0,0,0,0
644,447,dw_roadwall_barrier01 (Instance 11),27026.19,28915.61,8675.39,271,100,2048,0,0,0,0,0,8568,1.550001,0.000000,0.000000,1.000000,,0,0,0,0,0,0,0
645,469,ge_jump01 (Instance 17),30215.79,24140.09,8499.60,346,100,2048,0,0,0,0,0,8171,0.249999,0.000000,0.000000,1.000000,,0,0,0,0,0,0,0
646,468,ge_invisiblewall01.nif (Instance 20),30619.62,24036.98,8584.39,346,100,2048,0,0,0,0,0,8569,0.249997,0.000000,0.000000,1.000000,Name1,0,0,0,0,0,0,0
647,468,ge_invisiblewall01.nif (Instance 21),29811.87,24243.23,8584.39,346,100,2048,0,0,0,0,0,8570,0.249997,0.000000,0.000000,1.000000,Name1,0,0,0,0,0,0,0
648,468,ge_invisiblewall01.nif (Instance 22),29273.37,24380.73,8585.39,346,100,2048,0,0,0,0,0,8571,0.249997,0.000000,0.000000,1.000000,Name1,0,0,0,0,0,0,0
649,468,ge_invisiblewall01.nif (Instance 23),31158.12,23899.48,8584.39,346,100,2048,0,0,0,0,0,8572,0.249997,0.000000,0.000000,1.000000,Name1,0,0,0,0,0,0,0
650,541,or_tree_pine01_var04 (Instance 8),29885.93,24634.56,8577.19,352,100,2048,0,0,0,0,0,8573,0.146634,0.000000,0.000000,1.000000,,0,0,0,0,0,0,0
651,480,ge_rock009 (Instance 7),29396.72,24236.26,8691.47,0,100,2048,0,0,0,0,0,8574,0.000000,1.000000,0.000000,0.000000,,0,0,0,0,0,0,0
652,447,dw_roadwall_barrier01 (Instance 8),27024.83,28610.38,8665.39,271,100,2048,0,0,0,0,0,8563,1.550001,0.000000,0.000000,1.000000,,0,0,0,0,0,0,0
653,448,dw_roadwall_barrier01_chain (Instance 4),27029.04,28538.37,8665.39,271,100,2048,0,0,0,0,0,8564,1.550003,0.000000,0.000000,1.000000,,0,0,0,0,0,0,0
654,447,dw_roadwall_barrier01 (Instance 9),27027.83,28465.73,8665.39,271,100,2048,0,0,0,0,0,8565,1.550001,0.000000,0.000000,1.000000,,0,0,0,0,0,0,0
655,447,dw_roadwall_barrier01 (Instance 12),29984.09,24175.03,8519.39,168,100,2048,0,0,0,0,0,8575,2.933186,0.000000,0.000000,-1.000000,,0,0,0,0,0,0,0
656,448,dw_roadwall_barrier01_chain (Instance 6),29913.00,24187.29,8519.39,168,100,2048,0,0,0,0,0,8576,2.933184,0.000000,0.000000,-1.000000,,0,0,0,0,0,0,0
657,447,dw_roadwall_barrier01 (Instance 13),29842.53,24204.97,8519.39,168,100,2048,0,0,0,0,0,8577,2.933186,0.000000,0.000000,-1.000000,,0,0,0,0,0,0,0
658,447,dw_roadwall_barrier01 (Instance 14),30507.55,24028.56,8511.39,165,100,2048,0,0,0,0,0,8578,2.883186,0.000000,0.000000,-1.000000,,0,0,0,0,0,0,0
659,448,dw_roadwall_barrier01_chain (Instance 7),30437.17,24044.35,8511.39,165,100,2048,0,0,0,0,0,8579,2.883183,0.000000,0.000000,-1.000000,,0,0,0,0,0,0,0
660,447,dw_roadwall_barrier01 (Instance 15),30367.67,24065.53,8511.39,165,100,2048,0,0,0,0,0,8580,2.883186,0.000000,0.000000,-1.000000,,0,0,0,0,0,0,0
661,480,ge_rock009 (Instance 8),30888.83,23831.97,8581.43,150,100,2048,0,0,0,0,0,8581,2.609609,-0.148839,0.867808,-0.474086,,0,0,0,0,0,0,0
